epoch,module,reward,obstacles,time
0,Finish,79.00000000,168,29181
0,Obstacle,-170.00000000,17,999
0,Finish + Obstacle,-1190.00000000,119,9999
1,Finish,79.00000000,2,87
1,Obstacle,-80.00000000,8,999
1,Finish + Obstacle,79.00000000,0,244
2,Finish,79.00000000,1,82
2,Obstacle,0.00000000,0,999
2,Finish + Obstacle,49.00000000,3,81
3,Finish,79.00000000,0,85
3,Obstacle,0.00000000,0,999
3,Finish + Obstacle,69.00000000,1,82
4,Finish,79.00000000,3,92
4,Obstacle,-60.00000000,6,999
4,Finish + Obstacle,79.00000000,0,84
5,Finish,79.00000000,2,94
5,Obstacle,0.00000000,0,999
5,Finish + Obstacle,69.00000000,1,84
6,Finish,79.00000000,1,96
6,Obstacle,-60.00000000,6,999
6,Finish + Obstacle,59.00000000,2,90
7,Finish,79.00000000,1,94
7,Obstacle,-20.00000000,2,999
7,Finish + Obstacle,69.00000000,1,89
8,Finish,79.00000000,1,84
8,Obstacle,-80.00000000,8,999
8,Finish + Obstacle,69.00000000,1,81
9,Finish,79.00000000,3,81
9,Obstacle,-300.00000000,30,999
9,Finish + Obstacle,59.00000000,2,83
10,Finish,79.00000000,3,90
10,Obstacle,-120.00000000,12,999
10,Finish + Obstacle,69.00000000,1,83
11,Finish,79.00000000,0,83
11,Obstacle,-80.00000000,8,999
11,Finish + Obstacle,69.00000000,1,83
12,Finish,79.00000000,0,93
12,Obstacle,-50.00000000,5,999
12,Finish + Obstacle,59.00000000,2,93
13,Finish,79.00000000,1,88
13,Obstacle,-140.00000000,14,999
13,Finish + Obstacle,49.00000000,3,84
14,Finish,79.00000000,0,94
14,Obstacle,-150.00000000,15,999
14,Finish + Obstacle,49.00000000,3,83
15,Finish,79.00000000,0,85
15,Obstacle,-50.00000000,5,999
15,Finish + Obstacle,79.00000000,0,89
16,Finish,79.00000000,1,83
16,Obstacle,0.00000000,0,999
16,Finish + Obstacle,69.00000000,1,92
17,Finish,79.00000000,1,88
17,Obstacle,-30.00000000,3,999
17,Finish + Obstacle,79.00000000,0,90
18,Finish,79.00000000,1,87
18,Obstacle,-270.00000000,27,999
18,Finish + Obstacle,59.00000000,2,86
19,Finish,79.00000000,3,92
19,Obstacle,-90.00000000,9,999
19,Finish + Obstacle,59.00000000,2,85
20,Finish,79.00000000,3,90
20,Obstacle,-20.00000000,2,999
20,Finish + Obstacle,79.00000000,0,85
21,Finish,79.00000000,1,89
21,Obstacle,-30.00000000,3,999
21,Finish + Obstacle,69.00000000,1,87
22,Finish,79.00000000,2,89
22,Obstacle,-100.00000000,10,999
22,Finish + Obstacle,49.00000000,3,90
23,Finish,79.00000000,1,92
23,Obstacle,-90.00000000,9,999
23,Finish + Obstacle,79.00000000,0,83
24,Finish,79.00000000,5,87
24,Obstacle,-40.00000000,4,999
24,Finish + Obstacle,39.00000000,4,88
25,Finish,79.00000000,3,88
25,Obstacle,-250.00000000,25,999
25,Finish + Obstacle,59.00000000,2,89
26,Finish,79.00000000,1,86
26,Obstacle,-10.00000000,1,999
26,Finish + Obstacle,79.00000000,0,84
27,Finish,79.00000000,0,86
27,Obstacle,-70.00000000,7,999
27,Finish + Obstacle,69.00000000,1,93
28,Finish,79.00000000,0,88
28,Obstacle,-50.00000000,5,999
28,Finish + Obstacle,69.00000000,1,87
29,Finish,79.00000000,1,92
29,Obstacle,-80.00000000,8,999
29,Finish + Obstacle,29.00000000,5,86
30,Finish,79.00000000,1,86
30,Obstacle,-40.00000000,4,999
30,Finish + Obstacle,59.00000000,2,94
31,Finish,79.00000000,4,92
31,Obstacle,-40.00000000,4,999
31,Finish + Obstacle,49.00000000,3,88
32,Finish,79.00000000,1,93
32,Obstacle,-20.00000000,2,999
32,Finish + Obstacle,59.00000000,2,96
33,Finish,79.00000000,3,85
33,Obstacle,-80.00000000,8,999
33,Finish + Obstacle,69.00000000,1,92
34,Finish,79.00000000,3,85
34,Obstacle,-20.00000000,2,999
34,Finish + Obstacle,59.00000000,2,88
35,Finish,79.00000000,1,86
35,Obstacle,-50.00000000,5,999
35,Finish + Obstacle,69.00000000,1,88
36,Finish,79.00000000,2,87
36,Obstacle,-20.00000000,2,999
36,Finish + Obstacle,79.00000000,0,90
37,Finish,79.00000000,1,89
37,Obstacle,-10.00000000,1,999
37,Finish + Obstacle,69.00000000,1,86
38,Finish,79.00000000,0,86
38,Obstacle,-140.00000000,14,999
38,Finish + Obstacle,79.00000000,0,89
39,Finish,79.00000000,3,92
39,Obstacle,0.00000000,0,999
39,Finish + Obstacle,79.00000000,0,88
40,Finish,79.00000000,2,91
40,Obstacle,-80.00000000,8,999
40,Finish + Obstacle,69.00000000,1,96
41,Finish,79.00000000,0,92
41,Obstacle,-120.00000000,12,999
41,Finish + Obstacle,79.00000000,0,98
42,Finish,79.00000000,2,86
42,Obstacle,-40.00000000,4,999
42,Finish + Obstacle,69.00000000,1,90
43,Finish,79.00000000,3,89
43,Obstacle,-170.00000000,17,999
43,Finish + Obstacle,49.00000000,3,83
44,Finish,79.00000000,1,88
44,Obstacle,0.00000000,0,999
44,Finish + Obstacle,49.00000000,3,85
45,Finish,79.00000000,2,89
45,Obstacle,-40.00000000,4,999
45,Finish + Obstacle,59.00000000,2,98
46,Finish,79.00000000,1,86
46,Obstacle,-80.00000000,8,999
46,Finish + Obstacle,69.00000000,1,85
47,Finish,79.00000000,3,89
47,Obstacle,-70.00000000,7,999
47,Finish + Obstacle,59.00000000,2,89
48,Finish,79.00000000,2,82
48,Obstacle,-130.00000000,13,999
48,Finish + Obstacle,69.00000000,1,85
49,Finish,79.00000000,1,86
49,Obstacle,-30.00000000,3,999
49,Finish + Obstacle,59.00000000,2,85
50,Finish,79.00000000,1,93
50,Obstacle,-50.00000000,5,999
50,Finish + Obstacle,79.00000000,0,87
51,Finish,79.00000000,2,82
51,Obstacle,-200.00000000,20,999
51,Finish + Obstacle,49.00000000,3,91
52,Finish,79.00000000,3,88
52,Obstacle,-220.00000000,22,999
52,Finish + Obstacle,59.00000000,2,85
53,Finish,79.00000000,3,80
53,Obstacle,-230.00000000,23,999
53,Finish + Obstacle,79.00000000,0,84
54,Finish,79.00000000,0,82
54,Obstacle,-30.00000000,3,999
54,Finish + Obstacle,49.00000000,3,84
55,Finish,79.00000000,1,82
55,Obstacle,-50.00000000,5,999
55,Finish + Obstacle,79.00000000,0,89
56,Finish,79.00000000,1,82
56,Obstacle,-90.00000000,9,999
56,Finish + Obstacle,59.00000000,2,87
57,Finish,79.00000000,1,89
57,Obstacle,0.00000000,0,999
57,Finish + Obstacle,69.00000000,1,85
58,Finish,79.00000000,1,80
58,Obstacle,-30.00000000,3,999
58,Finish + Obstacle,69.00000000,1,89
59,Finish,79.00000000,4,88
59,Obstacle,0.00000000,0,999
59,Finish + Obstacle,49.00000000,3,86
60,Finish,79.00000000,1,86
60,Obstacle,-120.00000000,12,999
60,Finish + Obstacle,69.00000000,1,89
61,Finish,79.00000000,1,87
61,Obstacle,-100.00000000,10,999
61,Finish + Obstacle,59.00000000,2,84
62,Finish,79.00000000,0,85
62,Obstacle,-30.00000000,3,999
62,Finish + Obstacle,59.00000000,2,82
63,Finish,79.00000000,1,87
63,Obstacle,-40.00000000,4,999
63,Finish + Obstacle,49.00000000,3,91
64,Finish,79.00000000,0,86
64,Obstacle,0.00000000,0,999
64,Finish + Obstacle,59.00000000,2,88
65,Finish,79.00000000,0,94
65,Obstacle,-180.00000000,18,999
65,Finish + Obstacle,79.00000000,0,89
66,Finish,79.00000000,2,88
66,Obstacle,-20.00000000,2,999
66,Finish + Obstacle,49.00000000,3,96
67,Finish,79.00000000,0,87
67,Obstacle,-70.00000000,7,999
67,Finish + Obstacle,59.00000000,2,91
68,Finish,79.00000000,2,90
68,Obstacle,-40.00000000,4,999
68,Finish + Obstacle,79.00000000,0,90
69,Finish,79.00000000,1,89
69,Obstacle,-230.00000000,23,999
69,Finish + Obstacle,59.00000000,2,88
70,Finish,79.00000000,2,94
70,Obstacle,-480.00000000,48,999
70,Finish + Obstacle,69.00000000,1,84
71,Finish,79.00000000,0,88
71,Obstacle,0.00000000,0,999
71,Finish + Obstacle,69.00000000,1,87
72,Finish,79.00000000,2,90
72,Obstacle,-70.00000000,7,999
72,Finish + Obstacle,49.00000000,3,81
73,Finish,79.00000000,2,92
73,Obstacle,-80.00000000,8,999
73,Finish + Obstacle,69.00000000,1,88
74,Finish,79.00000000,1,92
74,Obstacle,-30.00000000,3,999
74,Finish + Obstacle,69.00000000,1,86
75,Finish,79.00000000,3,93
75,Obstacle,0.00000000,0,999
75,Finish + Obstacle,49.00000000,3,89
76,Finish,79.00000000,1,93
76,Obstacle,0.00000000,0,999
76,Finish + Obstacle,59.00000000,2,87
77,Finish,79.00000000,0,83
77,Obstacle,0.00000000,0,999
77,Finish + Obstacle,59.00000000,2,88
78,Finish,79.00000000,2,87
78,Obstacle,-60.00000000,6,999
78,Finish + Obstacle,79.00000000,0,82
79,Finish,79.00000000,2,90
79,Obstacle,-40.00000000,4,999
79,Finish + Obstacle,59.00000000,2,86
80,Finish,79.00000000,0,91
80,Obstacle,-220.00000000,22,999
80,Finish + Obstacle,49.00000000,3,84
81,Finish,79.00000000,1,88
81,Obstacle,0.00000000,0,999
81,Finish + Obstacle,59.00000000,2,90
82,Finish,79.00000000,0,86
82,Obstacle,-40.00000000,4,999
82,Finish + Obstacle,69.00000000,1,85
83,Finish,79.00000000,0,82
83,Obstacle,-70.00000000,7,999
83,Finish + Obstacle,69.00000000,1,86
84,Finish,79.00000000,1,89
84,Obstacle,-30.00000000,3,999
84,Finish + Obstacle,49.00000000,3,83
85,Finish,79.00000000,1,87
85,Obstacle,-130.00000000,13,999
85,Finish + Obstacle,59.00000000,2,91
86,Finish,79.00000000,1,89
86,Obstacle,-60.00000000,6,999
86,Finish + Obstacle,79.00000000,0,84
87,Finish,79.00000000,2,90
87,Obstacle,-120.00000000,12,999
87,Finish + Obstacle,59.00000000,2,83
88,Finish,79.00000000,1,89
88,Obstacle,-40.00000000,4,999
88,Finish + Obstacle,69.00000000,1,102
89,Finish,79.00000000,2,88
89,Obstacle,-30.00000000,3,999
89,Finish + Obstacle,69.00000000,1,87
90,Finish,79.00000000,0,93
90,Obstacle,0.00000000,0,999
90,Finish + Obstacle,69.00000000,1,86
91,Finish,79.00000000,2,84
91,Obstacle,-80.00000000,8,999
91,Finish + Obstacle,59.00000000,2,86
92,Finish,79.00000000,3,91
92,Obstacle,-30.00000000,3,999
92,Finish + Obstacle,79.00000000,0,86
93,Finish,79.00000000,1,93
93,Obstacle,-100.00000000,10,999
93,Finish + Obstacle,69.00000000,1,86
94,Finish,79.00000000,2,92
94,Obstacle,0.00000000,0,999
94,Finish + Obstacle,69.00000000,1,87
95,Finish,79.00000000,3,91
95,Obstacle,-90.00000000,9,999
95,Finish + Obstacle,59.00000000,2,82
96,Finish,79.00000000,0,87
96,Obstacle,-10.00000000,1,999
96,Finish + Obstacle,59.00000000,2,87
97,Finish,79.00000000,1,85
97,Obstacle,-10.00000000,1,999
97,Finish + Obstacle,79.00000000,0,87
98,Finish,79.00000000,2,92
98,Obstacle,-10.00000000,1,999
98,Finish + Obstacle,59.00000000,2,88
99,Finish,79.00000000,0,91
99,Obstacle,-30.00000000,3,999
99,Finish + Obstacle,79.00000000,0,83
100,Finish,79.00000000,4,86
100,Obstacle,0.00000000,0,999
100,Finish + Obstacle,49.00000000,3,83
101,Finish,79.00000000,2,87
101,Obstacle,-40.00000000,4,999
101,Finish + Obstacle,59.00000000,2,87
102,Finish,79.00000000,2,83
102,Obstacle,-60.00000000,6,999
102,Finish + Obstacle,59.00000000,2,89
103,Finish,79.00000000,2,84
103,Obstacle,-10.00000000,1,999
103,Finish + Obstacle,69.00000000,1,88
104,Finish,79.00000000,1,85
104,Obstacle,-50.00000000,5,999
104,Finish + Obstacle,69.00000000,1,86
105,Finish,79.00000000,0,85
105,Obstacle,0.00000000,0,999
105,Finish + Obstacle,59.00000000,2,90
106,Finish,79.00000000,0,89
106,Obstacle,-130.00000000,13,999
106,Finish + Obstacle,49.00000000,3,88
107,Finish,79.00000000,1,86
107,Obstacle,0.00000000,0,999
107,Finish + Obstacle,69.00000000,1,82
108,Finish,79.00000000,2,88
108,Obstacle,-40.00000000,4,999
108,Finish + Obstacle,79.00000000,0,93
109,Finish,79.00000000,1,84
109,Obstacle,-110.00000000,11,999
109,Finish + Obstacle,79.00000000,0,87
110,Finish,79.00000000,2,84
110,Obstacle,-90.00000000,9,999
110,Finish + Obstacle,79.00000000,0,85
111,Finish,79.00000000,0,88
111,Obstacle,-40.00000000,4,999
111,Finish + Obstacle,69.00000000,1,92
112,Finish,79.00000000,5,90
112,Obstacle,-40.00000000,4,999
112,Finish + Obstacle,79.00000000,0,90
113,Finish,79.00000000,2,84
113,Obstacle,-70.00000000,7,999
113,Finish + Obstacle,79.00000000,0,89
114,Finish,79.00000000,1,86
114,Obstacle,-30.00000000,3,999
114,Finish + Obstacle,39.00000000,4,85
115,Finish,79.00000000,0,90
115,Obstacle,-80.00000000,8,999
115,Finish + Obstacle,79.00000000,0,83
116,Finish,79.00000000,0,87
116,Obstacle,-110.00000000,11,999
116,Finish + Obstacle,79.00000000,0,96
117,Finish,79.00000000,1,87
117,Obstacle,0.00000000,0,999
117,Finish + Obstacle,59.00000000,2,87
118,Finish,79.00000000,0,89
118,Obstacle,-10.00000000,1,999
118,Finish + Obstacle,79.00000000,0,84
119,Finish,79.00000000,0,83
119,Obstacle,-20.00000000,2,999
119,Finish + Obstacle,79.00000000,0,84
120,Finish,79.00000000,2,94
120,Obstacle,-50.00000000,5,999
120,Finish + Obstacle,69.00000000,1,85
121,Finish,79.00000000,0,89
121,Obstacle,0.00000000,0,999
121,Finish + Obstacle,59.00000000,2,83
122,Finish,79.00000000,0,90
122,Obstacle,-40.00000000,4,999
122,Finish + Obstacle,69.00000000,1,88
123,Finish,79.00000000,0,90
123,Obstacle,-40.00000000,4,999
123,Finish + Obstacle,69.00000000,1,83
124,Finish,79.00000000,1,85
124,Obstacle,-20.00000000,2,999
124,Finish + Obstacle,69.00000000,1,89
125,Finish,79.00000000,0,86
125,Obstacle,0.00000000,0,999
125,Finish + Obstacle,49.00000000,3,92
126,Finish,79.00000000,3,92
126,Obstacle,-20.00000000,2,999
126,Finish + Obstacle,59.00000000,2,85
127,Finish,79.00000000,1,83
127,Obstacle,0.00000000,0,999
127,Finish + Obstacle,69.00000000,1,97
128,Finish,79.00000000,0,83
128,Obstacle,-20.00000000,2,999
128,Finish + Obstacle,59.00000000,2,84
129,Finish,79.00000000,3,89
129,Obstacle,-30.00000000,3,999
129,Finish + Obstacle,59.00000000,2,82
130,Finish,79.00000000,1,88
130,Obstacle,0.00000000,0,999
130,Finish + Obstacle,79.00000000,0,90
131,Finish,79.00000000,0,86
131,Obstacle,-50.00000000,5,999
131,Finish + Obstacle,69.00000000,1,88
132,Finish,79.00000000,0,84
132,Obstacle,0.00000000,0,999
132,Finish + Obstacle,69.00000000,1,85
133,Finish,79.00000000,1,82
133,Obstacle,-30.00000000,3,999
133,Finish + Obstacle,69.00000000,1,86
134,Finish,79.00000000,1,83
134,Obstacle,-50.00000000,5,999
134,Finish + Obstacle,69.00000000,1,90
135,Finish,79.00000000,4,85
135,Obstacle,-20.00000000,2,999
135,Finish + Obstacle,69.00000000,1,82
136,Finish,79.00000000,2,88
136,Obstacle,0.00000000,0,999
136,Finish + Obstacle,59.00000000,2,93
137,Finish,79.00000000,1,88
137,Obstacle,0.00000000,0,999
137,Finish + Obstacle,79.00000000,0,86
138,Finish,79.00000000,1,90
138,Obstacle,0.00000000,0,999
138,Finish + Obstacle,69.00000000,1,81
139,Finish,79.00000000,1,86
139,Obstacle,0.00000000,0,999
139,Finish + Obstacle,79.00000000,0,87
140,Finish,79.00000000,3,82
140,Obstacle,-70.00000000,7,999
140,Finish + Obstacle,69.00000000,1,87
141,Finish,79.00000000,1,86
141,Obstacle,-20.00000000,2,999
141,Finish + Obstacle,79.00000000,0,84
142,Finish,79.00000000,4,87
142,Obstacle,0.00000000,0,999
142,Finish + Obstacle,69.00000000,1,87
143,Finish,79.00000000,2,84
143,Obstacle,-30.00000000,3,999
143,Finish + Obstacle,79.00000000,0,86
144,Finish,79.00000000,2,91
144,Obstacle,-20.00000000,2,999
144,Finish + Obstacle,69.00000000,1,90
145,Finish,79.00000000,1,89
145,Obstacle,0.00000000,0,999
145,Finish + Obstacle,39.00000000,4,93
146,Finish,79.00000000,3,82
146,Obstacle,-110.00000000,11,999
146,Finish + Obstacle,59.00000000,2,101
147,Finish,79.00000000,1,88
147,Obstacle,-140.00000000,14,999
147,Finish + Obstacle,69.00000000,1,87
148,Finish,79.00000000,1,89
148,Obstacle,-30.00000000,3,999
148,Finish + Obstacle,49.00000000,3,90
149,Finish,79.00000000,3,87
149,Obstacle,0.00000000,0,999
149,Finish + Obstacle,69.00000000,1,85
150,Finish,79.00000000,4,93
150,Obstacle,0.00000000,0,999
150,Finish + Obstacle,39.00000000,4,86
151,Finish,79.00000000,0,85
151,Obstacle,-40.00000000,4,999
151,Finish + Obstacle,79.00000000,0,87
152,Finish,79.00000000,0,87
152,Obstacle,0.00000000,0,999
152,Finish + Obstacle,79.00000000,0,91
153,Finish,79.00000000,4,90
153,Obstacle,0.00000000,0,999
153,Finish + Obstacle,69.00000000,1,87
154,Finish,79.00000000,2,84
154,Obstacle,-20.00000000,2,999
154,Finish + Obstacle,79.00000000,0,84
155,Finish,79.00000000,4,91
155,Obstacle,0.00000000,0,999
155,Finish + Obstacle,79.00000000,0,99
156,Finish,79.00000000,2,93
156,Obstacle,-30.00000000,3,999
156,Finish + Obstacle,59.00000000,2,87
157,Finish,79.00000000,1,88
157,Obstacle,-80.00000000,8,999
157,Finish + Obstacle,59.00000000,2,90
158,Finish,79.00000000,0,89
158,Obstacle,-210.00000000,21,999
158,Finish + Obstacle,69.00000000,1,89
159,Finish,79.00000000,1,99
159,Obstacle,-10.00000000,1,999
159,Finish + Obstacle,69.00000000,1,85
160,Finish,79.00000000,0,90
160,Obstacle,-40.00000000,4,999
160,Finish + Obstacle,79.00000000,0,84
161,Finish,79.00000000,2,89
161,Obstacle,-200.00000000,20,999
161,Finish + Obstacle,59.00000000,2,90
162,Finish,79.00000000,3,86
162,Obstacle,-220.00000000,22,999
162,Finish + Obstacle,49.00000000,3,85
163,Finish,79.00000000,0,88
163,Obstacle,0.00000000,0,999
163,Finish + Obstacle,69.00000000,1,96
164,Finish,79.00000000,2,91
164,Obstacle,0.00000000,0,999
164,Finish + Obstacle,79.00000000,0,89
165,Finish,79.00000000,1,85
165,Obstacle,0.00000000,0,999
165,Finish + Obstacle,79.00000000,0,88
166,Finish,79.00000000,1,82
166,Obstacle,0.00000000,0,999
166,Finish + Obstacle,49.00000000,3,89
167,Finish,79.00000000,1,88
167,Obstacle,-110.00000000,11,999
167,Finish + Obstacle,69.00000000,1,87
168,Finish,79.00000000,1,91
168,Obstacle,-40.00000000,4,999
168,Finish + Obstacle,39.00000000,4,89
169,Finish,79.00000000,4,91
169,Obstacle,-130.00000000,13,999
169,Finish + Obstacle,79.00000000,0,92
170,Finish,79.00000000,0,89
170,Obstacle,0.00000000,0,999
170,Finish + Obstacle,69.00000000,1,83
171,Finish,79.00000000,3,85
171,Obstacle,0.00000000,0,999
171,Finish + Obstacle,69.00000000,1,84
172,Finish,79.00000000,2,84
172,Obstacle,-30.00000000,3,999
172,Finish + Obstacle,59.00000000,2,85
173,Finish,79.00000000,0,83
173,Obstacle,0.00000000,0,999
173,Finish + Obstacle,49.00000000,3,83
174,Finish,79.00000000,0,90
174,Obstacle,-110.00000000,11,999
174,Finish + Obstacle,39.00000000,4,84
175,Finish,79.00000000,1,85
175,Obstacle,0.00000000,0,999
175,Finish + Obstacle,69.00000000,1,90
176,Finish,79.00000000,2,89
176,Obstacle,-60.00000000,6,999
176,Finish + Obstacle,49.00000000,3,85
177,Finish,79.00000000,4,92
177,Obstacle,-60.00000000,6,999
177,Finish + Obstacle,79.00000000,0,90
178,Finish,79.00000000,3,81
178,Obstacle,-50.00000000,5,999
178,Finish + Obstacle,69.00000000,1,84
179,Finish,79.00000000,0,86
179,Obstacle,-100.00000000,10,999
179,Finish + Obstacle,69.00000000,1,84
180,Finish,79.00000000,0,95
180,Obstacle,0.00000000,0,999
180,Finish + Obstacle,69.00000000,1,89
181,Finish,79.00000000,1,85
181,Obstacle,-50.00000000,5,999
181,Finish + Obstacle,69.00000000,1,85
182,Finish,79.00000000,5,103
182,Obstacle,-100.00000000,10,999
182,Finish + Obstacle,59.00000000,2,87
183,Finish,79.00000000,0,89
183,Obstacle,-30.00000000,3,999
183,Finish + Obstacle,79.00000000,0,82
184,Finish,79.00000000,3,87
184,Obstacle,-10.00000000,1,999
184,Finish + Obstacle,69.00000000,1,93
185,Finish,79.00000000,2,87
185,Obstacle,-120.00000000,12,999
185,Finish + Obstacle,79.00000000,0,85
186,Finish,79.00000000,1,90
186,Obstacle,0.00000000,0,999
186,Finish + Obstacle,79.00000000,0,94
187,Finish,79.00000000,1,81
187,Obstacle,-10.00000000,1,999
187,Finish + Obstacle,79.00000000,0,90
188,Finish,79.00000000,3,88
188,Obstacle,-10.00000000,1,999
188,Finish + Obstacle,69.00000000,1,90
189,Finish,79.00000000,0,89
189,Obstacle,-30.00000000,3,999
189,Finish + Obstacle,49.00000000,3,85
190,Finish,79.00000000,0,84
190,Obstacle,-70.00000000,7,999
190,Finish + Obstacle,79.00000000,0,90
191,Finish,79.00000000,2,89
191,Obstacle,-40.00000000,4,999
191,Finish + Obstacle,69.00000000,1,96
192,Finish,79.00000000,1,86
192,Obstacle,-10.00000000,1,999
192,Finish + Obstacle,79.00000000,0,87
193,Finish,79.00000000,1,88
193,Obstacle,-160.00000000,16,999
193,Finish + Obstacle,39.00000000,4,94
194,Finish,79.00000000,1,97
194,Obstacle,-80.00000000,8,999
194,Finish + Obstacle,59.00000000,2,91
195,Finish,79.00000000,2,91
195,Obstacle,-40.00000000,4,999
195,Finish + Obstacle,69.00000000,1,86
196,Finish,79.00000000,1,89
196,Obstacle,-60.00000000,6,999
196,Finish + Obstacle,49.00000000,3,87
197,Finish,79.00000000,1,83
197,Obstacle,-40.00000000,4,999
197,Finish + Obstacle,59.00000000,2,87
198,Finish,79.00000000,0,85
198,Obstacle,-40.00000000,4,999
198,Finish + Obstacle,79.00000000,0,83
199,Finish,79.00000000,0,90
199,Obstacle,-30.00000000,3,999
199,Finish + Obstacle,79.00000000,0,87
200,Finish,79.00000000,0,88
200,Obstacle,-30.00000000,3,999
200,Finish + Obstacle,79.00000000,0,88
201,Finish,79.00000000,1,95
201,Obstacle,-10.00000000,1,999
201,Finish + Obstacle,79.00000000,0,87
202,Finish,79.00000000,2,93
202,Obstacle,-80.00000000,8,999
202,Finish + Obstacle,69.00000000,1,83
203,Finish,79.00000000,4,95
203,Obstacle,-60.00000000,6,999
203,Finish + Obstacle,59.00000000,2,92
204,Finish,79.00000000,3,92
204,Obstacle,-50.00000000,5,999
204,Finish + Obstacle,69.00000000,1,94
205,Finish,79.00000000,0,96
205,Obstacle,-30.00000000,3,999
205,Finish + Obstacle,59.00000000,2,86
206,Finish,79.00000000,1,91
206,Obstacle,0.00000000,0,999
206,Finish + Obstacle,59.00000000,2,88
207,Finish,79.00000000,1,82
207,Obstacle,-170.00000000,17,999
207,Finish + Obstacle,69.00000000,1,84
208,Finish,79.00000000,0,94
208,Obstacle,-10.00000000,1,999
208,Finish + Obstacle,59.00000000,2,85
209,Finish,79.00000000,1,86
209,Obstacle,-40.00000000,4,999
209,Finish + Obstacle,69.00000000,1,84
210,Finish,79.00000000,1,91
210,Obstacle,-50.00000000,5,999
210,Finish + Obstacle,69.00000000,1,88
211,Finish,79.00000000,0,90
211,Obstacle,-150.00000000,15,999
211,Finish + Obstacle,69.00000000,1,86
212,Finish,79.00000000,1,84
212,Obstacle,-90.00000000,9,999
212,Finish + Obstacle,79.00000000,0,88
213,Finish,79.00000000,1,98
213,Obstacle,-20.00000000,2,999
213,Finish + Obstacle,79.00000000,0,87
214,Finish,79.00000000,5,90
214,Obstacle,-190.00000000,19,999
214,Finish + Obstacle,69.00000000,1,86
215,Finish,79.00000000,0,91
215,Obstacle,-160.00000000,16,999
215,Finish + Obstacle,69.00000000,1,95
216,Finish,79.00000000,2,91
216,Obstacle,-60.00000000,6,999
216,Finish + Obstacle,69.00000000,1,89
217,Finish,79.00000000,2,83
217,Obstacle,-10.00000000,1,999
217,Finish + Obstacle,59.00000000,2,93
218,Finish,79.00000000,1,87
218,Obstacle,-20.00000000,2,999
218,Finish + Obstacle,59.00000000,2,91
219,Finish,79.00000000,1,89
219,Obstacle,-190.00000000,19,999
219,Finish + Obstacle,79.00000000,0,90
220,Finish,79.00000000,1,91
220,Obstacle,-80.00000000,8,999
220,Finish + Obstacle,49.00000000,3,88
221,Finish,79.00000000,1,88
221,Obstacle,-140.00000000,14,999
221,Finish + Obstacle,49.00000000,3,88
222,Finish,79.00000000,3,85
222,Obstacle,-60.00000000,6,999
222,Finish + Obstacle,49.00000000,3,93
223,Finish,79.00000000,4,90
223,Obstacle,0.00000000,0,999
223,Finish + Obstacle,59.00000000,2,97
224,Finish,79.00000000,3,94
224,Obstacle,-110.00000000,11,999
224,Finish + Obstacle,59.00000000,2,86
225,Finish,79.00000000,1,86
225,Obstacle,-50.00000000,5,999
225,Finish + Obstacle,79.00000000,0,88
226,Finish,79.00000000,5,84
226,Obstacle,-170.00000000,17,999
226,Finish + Obstacle,69.00000000,1,89
227,Finish,79.00000000,0,82
227,Obstacle,-60.00000000,6,999
227,Finish + Obstacle,69.00000000,1,89
228,Finish,79.00000000,1,93
228,Obstacle,0.00000000,0,999
228,Finish + Obstacle,69.00000000,1,87
229,Finish,79.00000000,1,87
229,Obstacle,-30.00000000,3,999
229,Finish + Obstacle,69.00000000,1,91
230,Finish,79.00000000,1,86
230,Obstacle,-20.00000000,2,999
230,Finish + Obstacle,49.00000000,3,88
231,Finish,79.00000000,1,86
231,Obstacle,0.00000000,0,999
231,Finish + Obstacle,69.00000000,1,83
232,Finish,79.00000000,3,94
232,Obstacle,-150.00000000,15,999
232,Finish + Obstacle,59.00000000,2,89
233,Finish,79.00000000,2,92
233,Obstacle,0.00000000,0,999
233,Finish + Obstacle,39.00000000,4,90
234,Finish,79.00000000,1,86
234,Obstacle,0.00000000,0,999
234,Finish + Obstacle,79.00000000,0,93
235,Finish,79.00000000,1,88
235,Obstacle,-50.00000000,5,999
235,Finish + Obstacle,69.00000000,1,88
236,Finish,79.00000000,0,96
236,Obstacle,0.00000000,0,999
236,Finish + Obstacle,79.00000000,0,92
237,Finish,79.00000000,2,87
237,Obstacle,-10.00000000,1,999
237,Finish + Obstacle,59.00000000,2,84
238,Finish,79.00000000,2,88
238,Obstacle,-30.00000000,3,999
238,Finish + Obstacle,69.00000000,1,90
239,Finish,79.00000000,1,85
239,Obstacle,0.00000000,0,999
239,Finish + Obstacle,59.00000000,2,90
240,Finish,79.00000000,4,86
240,Obstacle,-30.00000000,3,999
240,Finish + Obstacle,59.00000000,2,91
241,Finish,79.00000000,3,83
241,Obstacle,0.00000000,0,999
241,Finish + Obstacle,69.00000000,1,94
242,Finish,79.00000000,1,89
242,Obstacle,-10.00000000,1,999
242,Finish + Obstacle,59.00000000,2,90
243,Finish,79.00000000,2,88
243,Obstacle,-90.00000000,9,999
243,Finish + Obstacle,69.00000000,1,87
244,Finish,79.00000000,2,86
244,Obstacle,0.00000000,0,999
244,Finish + Obstacle,69.00000000,1,81
245,Finish,79.00000000,3,83
245,Obstacle,0.00000000,0,999
245,Finish + Obstacle,79.00000000,0,91
246,Finish,79.00000000,2,87
246,Obstacle,-20.00000000,2,999
246,Finish + Obstacle,39.00000000,4,88
247,Finish,79.00000000,2,84
247,Obstacle,-120.00000000,12,999
247,Finish + Obstacle,69.00000000,1,88
248,Finish,79.00000000,2,86
248,Obstacle,0.00000000,0,999
248,Finish + Obstacle,59.00000000,2,93
249,Finish,79.00000000,1,87
249,Obstacle,-10.00000000,1,999
249,Finish + Obstacle,49.00000000,3,88
250,Finish,79.00000000,1,89
250,Obstacle,-70.00000000,7,999
250,Finish + Obstacle,49.00000000,3,93
251,Finish,79.00000000,4,92
251,Obstacle,0.00000000,0,999
251,Finish + Obstacle,59.00000000,2,87
252,Finish,79.00000000,1,91
252,Obstacle,0.00000000,0,999
252,Finish + Obstacle,49.00000000,3,91
253,Finish,79.00000000,3,92
253,Obstacle,-20.00000000,2,999
253,Finish + Obstacle,59.00000000,2,85
254,Finish,79.00000000,1,88
254,Obstacle,0.00000000,0,999
254,Finish + Obstacle,59.00000000,2,92
255,Finish,79.00000000,3,86
255,Obstacle,0.00000000,0,999
255,Finish + Obstacle,59.00000000,2,82
256,Finish,79.00000000,2,88
256,Obstacle,-20.00000000,2,999
256,Finish + Obstacle,79.00000000,0,89
257,Finish,79.00000000,0,85
257,Obstacle,-40.00000000,4,999
257,Finish + Obstacle,69.00000000,1,86
258,Finish,79.00000000,0,90
258,Obstacle,0.00000000,0,999
258,Finish + Obstacle,79.00000000,0,82
259,Finish,79.00000000,2,86
259,Obstacle,0.00000000,0,999
259,Finish + Obstacle,79.00000000,0,82
260,Finish,79.00000000,2,94
260,Obstacle,-10.00000000,1,999
260,Finish + Obstacle,79.00000000,0,88
261,Finish,79.00000000,2,92
261,Obstacle,0.00000000,0,999
261,Finish + Obstacle,59.00000000,2,89
262,Finish,79.00000000,2,96
262,Obstacle,-30.00000000,3,999
262,Finish + Obstacle,59.00000000,2,90
263,Finish,79.00000000,0,87
263,Obstacle,0.00000000,0,999
263,Finish + Obstacle,69.00000000,1,86
264,Finish,79.00000000,1,90
264,Obstacle,-80.00000000,8,999
264,Finish + Obstacle,69.00000000,1,81
265,Finish,79.00000000,3,85
265,Obstacle,-30.00000000,3,999
265,Finish + Obstacle,69.00000000,1,88
266,Finish,79.00000000,0,90
266,Obstacle,-10.00000000,1,999
266,Finish + Obstacle,59.00000000,2,84
267,Finish,79.00000000,1,88
267,Obstacle,-10.00000000,1,999
267,Finish + Obstacle,69.00000000,1,84
268,Finish,79.00000000,2,90
268,Obstacle,-190.00000000,19,999
268,Finish + Obstacle,79.00000000,0,85
269,Finish,79.00000000,1,83
269,Obstacle,0.00000000,0,999
269,Finish + Obstacle,79.00000000,0,88
270,Finish,79.00000000,1,91
270,Obstacle,0.00000000,0,999
270,Finish + Obstacle,59.00000000,2,83
271,Finish,79.00000000,1,88
271,Obstacle,0.00000000,0,999
271,Finish + Obstacle,49.00000000,3,91
272,Finish,79.00000000,1,85
272,Obstacle,-20.00000000,2,999
272,Finish + Obstacle,69.00000000,1,94
273,Finish,79.00000000,1,82
273,Obstacle,0.00000000,0,999
273,Finish + Obstacle,59.00000000,2,91
274,Finish,79.00000000,0,87
274,Obstacle,0.00000000,0,999
274,Finish + Obstacle,69.00000000,1,87
275,Finish,79.00000000,0,94
275,Obstacle,0.00000000,0,999
275,Finish + Obstacle,79.00000000,0,88
276,Finish,79.00000000,2,87
276,Obstacle,0.00000000,0,999
276,Finish + Obstacle,59.00000000,2,91
277,Finish,79.00000000,1,85
277,Obstacle,0.00000000,0,999
277,Finish + Obstacle,69.00000000,1,92
278,Finish,79.00000000,3,87
278,Obstacle,-10.00000000,1,999
278,Finish + Obstacle,59.00000000,2,89
279,Finish,79.00000000,3,86
279,Obstacle,0.00000000,0,999
279,Finish + Obstacle,69.00000000,1,83
280,Finish,79.00000000,1,92
280,Obstacle,-30.00000000,3,999
280,Finish + Obstacle,59.00000000,2,87
281,Finish,79.00000000,2,89
281,Obstacle,-30.00000000,3,999
281,Finish + Obstacle,79.00000000,0,91
282,Finish,79.00000000,0,86
282,Obstacle,0.00000000,0,999
282,Finish + Obstacle,79.00000000,0,83
283,Finish,79.00000000,2,90
283,Obstacle,0.00000000,0,999
283,Finish + Obstacle,79.00000000,0,91
284,Finish,79.00000000,1,84
284,Obstacle,-10.00000000,1,999
284,Finish + Obstacle,69.00000000,1,87
285,Finish,79.00000000,2,84
285,Obstacle,0.00000000,0,999
285,Finish + Obstacle,79.00000000,0,91
286,Finish,79.00000000,1,88
286,Obstacle,0.00000000,0,999
286,Finish + Obstacle,69.00000000,1,92
287,Finish,79.00000000,3,83
287,Obstacle,-20.00000000,2,999
287,Finish + Obstacle,59.00000000,2,86
288,Finish,79.00000000,1,90
288,Obstacle,0.00000000,0,999
288,Finish + Obstacle,39.00000000,4,83
289,Finish,79.00000000,1,84
289,Obstacle,-10.00000000,1,999
289,Finish + Obstacle,79.00000000,0,82
290,Finish,79.00000000,1,85
290,Obstacle,0.00000000,0,999
290,Finish + Obstacle,79.00000000,0,84
291,Finish,79.00000000,1,84
291,Obstacle,0.00000000,0,999
291,Finish + Obstacle,69.00000000,1,89
292,Finish,79.00000000,2,87
292,Obstacle,0.00000000,0,999
292,Finish + Obstacle,59.00000000,2,89
293,Finish,79.00000000,1,86
293,Obstacle,-60.00000000,6,999
293,Finish + Obstacle,69.00000000,1,98
294,Finish,79.00000000,0,84
294,Obstacle,0.00000000,0,999
294,Finish + Obstacle,59.00000000,2,97
295,Finish,79.00000000,1,86
295,Obstacle,0.00000000,0,999
295,Finish + Obstacle,69.00000000,1,89
296,Finish,79.00000000,2,83
296,Obstacle,-20.00000000,2,999
296,Finish + Obstacle,69.00000000,1,89
297,Finish,79.00000000,0,91
297,Obstacle,0.00000000,0,999
297,Finish + Obstacle,79.00000000,0,84
298,Finish,79.00000000,4,84
298,Obstacle,0.00000000,0,999
298,Finish + Obstacle,59.00000000,2,82
299,Finish,79.00000000,2,84
299,Obstacle,0.00000000,0,999
299,Finish + Obstacle,69.00000000,1,94
300,Finish,79.00000000,1,89
300,Obstacle,0.00000000,0,999
300,Finish + Obstacle,49.00000000,3,87
301,Finish,79.00000000,3,82
301,Obstacle,0.00000000,0,999
301,Finish + Obstacle,39.00000000,4,91
302,Finish,79.00000000,0,84
302,Obstacle,0.00000000,0,999
302,Finish + Obstacle,39.00000000,4,93
303,Finish,79.00000000,2,96
303,Obstacle,-20.00000000,2,999
303,Finish + Obstacle,59.00000000,2,87
304,Finish,79.00000000,0,82
304,Obstacle,-50.00000000,5,999
304,Finish + Obstacle,39.00000000,4,92
305,Finish,79.00000000,3,93
305,Obstacle,-30.00000000,3,999
305,Finish + Obstacle,69.00000000,1,86
306,Finish,79.00000000,0,97
306,Obstacle,0.00000000,0,999
306,Finish + Obstacle,79.00000000,0,84
307,Finish,79.00000000,0,88
307,Obstacle,0.00000000,0,999
307,Finish + Obstacle,69.00000000,1,89
308,Finish,79.00000000,3,84
308,Obstacle,-10.00000000,1,999
308,Finish + Obstacle,59.00000000,2,89
309,Finish,79.00000000,2,85
309,Obstacle,0.00000000,0,999
309,Finish + Obstacle,49.00000000,3,87
310,Finish,79.00000000,3,88
310,Obstacle,0.00000000,0,999
310,Finish + Obstacle,69.00000000,1,83
311,Finish,79.00000000,1,87
311,Obstacle,-70.00000000,7,999
311,Finish + Obstacle,79.00000000,0,86
312,Finish,79.00000000,0,88
312,Obstacle,-20.00000000,2,999
312,Finish + Obstacle,49.00000000,3,94
313,Finish,79.00000000,1,90
313,Obstacle,0.00000000,0,999
313,Finish + Obstacle,59.00000000,2,92
314,Finish,79.00000000,0,80
314,Obstacle,0.00000000,0,999
314,Finish + Obstacle,69.00000000,1,88
315,Finish,79.00000000,2,81
315,Obstacle,0.00000000,0,999
315,Finish + Obstacle,79.00000000,0,80
316,Finish,79.00000000,2,87
316,Obstacle,-130.00000000,13,999
316,Finish + Obstacle,69.00000000,1,84
317,Finish,79.00000000,0,92
317,Obstacle,-10.00000000,1,999
317,Finish + Obstacle,79.00000000,0,88
318,Finish,79.00000000,1,84
318,Obstacle,-50.00000000,5,999
318,Finish + Obstacle,69.00000000,1,89
319,Finish,79.00000000,1,92
319,Obstacle,-70.00000000,7,999
319,Finish + Obstacle,79.00000000,0,86
320,Finish,79.00000000,1,92
320,Obstacle,-60.00000000,6,999
320,Finish + Obstacle,69.00000000,1,89
321,Finish,79.00000000,3,87
321,Obstacle,-40.00000000,4,999
321,Finish + Obstacle,59.00000000,2,88
322,Finish,79.00000000,0,96
322,Obstacle,-30.00000000,3,999
322,Finish + Obstacle,49.00000000,3,87
323,Finish,79.00000000,3,87
323,Obstacle,-80.00000000,8,999
323,Finish + Obstacle,79.00000000,0,82
324,Finish,79.00000000,1,89
324,Obstacle,-30.00000000,3,999
324,Finish + Obstacle,79.00000000,0,85
325,Finish,79.00000000,1,87
325,Obstacle,-30.00000000,3,999
325,Finish + Obstacle,49.00000000,3,83
326,Finish,79.00000000,0,87
326,Obstacle,0.00000000,0,999
326,Finish + Obstacle,49.00000000,3,85
327,Finish,79.00000000,1,85
327,Obstacle,0.00000000,0,999
327,Finish + Obstacle,49.00000000,3,91
328,Finish,79.00000000,3,85
328,Obstacle,0.00000000,0,999
328,Finish + Obstacle,79.00000000,0,88
329,Finish,79.00000000,1,95
329,Obstacle,0.00000000,0,999
329,Finish + Obstacle,69.00000000,1,95
330,Finish,79.00000000,2,83
330,Obstacle,0.00000000,0,999
330,Finish + Obstacle,69.00000000,1,88
331,Finish,79.00000000,2,84
331,Obstacle,-70.00000000,7,999
331,Finish + Obstacle,69.00000000,1,94
332,Finish,79.00000000,0,88
332,Obstacle,0.00000000,0,999
332,Finish + Obstacle,59.00000000,2,85
333,Finish,79.00000000,1,94
333,Obstacle,0.00000000,0,999
333,Finish + Obstacle,79.00000000,0,91
334,Finish,79.00000000,0,88
334,Obstacle,0.00000000,0,999
334,Finish + Obstacle,69.00000000,1,93
335,Finish,79.00000000,1,88
335,Obstacle,-20.00000000,2,999
335,Finish + Obstacle,79.00000000,0,87
336,Finish,79.00000000,0,88
336,Obstacle,0.00000000,0,999
336,Finish + Obstacle,69.00000000,1,87
337,Finish,79.00000000,2,84
337,Obstacle,0.00000000,0,999
337,Finish + Obstacle,79.00000000,0,92
338,Finish,79.00000000,3,85
338,Obstacle,0.00000000,0,999
338,Finish + Obstacle,59.00000000,2,87
339,Finish,79.00000000,2,86
339,Obstacle,0.00000000,0,999
339,Finish + Obstacle,59.00000000,2,83
340,Finish,79.00000000,1,83
340,Obstacle,-20.00000000,2,999
340,Finish + Obstacle,69.00000000,1,86
341,Finish,79.00000000,1,85
341,Obstacle,-40.00000000,4,999
341,Finish + Obstacle,49.00000000,3,87
342,Finish,79.00000000,1,92
342,Obstacle,-80.00000000,8,999
342,Finish + Obstacle,69.00000000,1,87
343,Finish,79.00000000,2,92
343,Obstacle,0.00000000,0,999
343,Finish + Obstacle,69.00000000,1,82
344,Finish,79.00000000,2,97
344,Obstacle,-30.00000000,3,999
344,Finish + Obstacle,79.00000000,0,85
345,Finish,79.00000000,1,86
345,Obstacle,0.00000000,0,999
345,Finish + Obstacle,79.00000000,0,85
346,Finish,79.00000000,2,92
346,Obstacle,0.00000000,0,999
346,Finish + Obstacle,49.00000000,3,91
347,Finish,79.00000000,0,92
347,Obstacle,0.00000000,0,999
347,Finish + Obstacle,79.00000000,0,93
348,Finish,79.00000000,0,90
348,Obstacle,0.00000000,0,999
348,Finish + Obstacle,59.00000000,2,91
349,Finish,79.00000000,1,86
349,Obstacle,0.00000000,0,999
349,Finish + Obstacle,59.00000000,2,90
350,Finish,79.00000000,2,90
350,Obstacle,0.00000000,0,999
350,Finish + Obstacle,69.00000000,1,85
351,Finish,79.00000000,2,88
351,Obstacle,-30.00000000,3,999
351,Finish + Obstacle,49.00000000,3,91
352,Finish,79.00000000,1,86
352,Obstacle,0.00000000,0,999
352,Finish + Obstacle,69.00000000,1,88
353,Finish,79.00000000,3,91
353,Obstacle,-20.00000000,2,999
353,Finish + Obstacle,79.00000000,0,86
354,Finish,79.00000000,0,82
354,Obstacle,0.00000000,0,999
354,Finish + Obstacle,79.00000000,0,92
355,Finish,79.00000000,2,87
355,Obstacle,0.00000000,0,999
355,Finish + Obstacle,79.00000000,0,87
356,Finish,79.00000000,0,89
356,Obstacle,-30.00000000,3,999
356,Finish + Obstacle,59.00000000,2,90
357,Finish,79.00000000,2,93
357,Obstacle,-170.00000000,17,999
357,Finish + Obstacle,79.00000000,0,82
358,Finish,79.00000000,0,89
358,Obstacle,-20.00000000,2,999
358,Finish + Obstacle,79.00000000,0,84
359,Finish,79.00000000,3,87
359,Obstacle,-40.00000000,4,999
359,Finish + Obstacle,49.00000000,3,97
360,Finish,79.00000000,4,84
360,Obstacle,-30.00000000,3,999
360,Finish + Obstacle,69.00000000,1,88
361,Finish,79.00000000,2,81
361,Obstacle,-20.00000000,2,999
361,Finish + Obstacle,59.00000000,2,84
362,Finish,79.00000000,1,82
362,Obstacle,0.00000000,0,999
362,Finish + Obstacle,69.00000000,1,86
363,Finish,79.00000000,0,90
363,Obstacle,-20.00000000,2,999
363,Finish + Obstacle,59.00000000,2,93
364,Finish,79.00000000,1,93
364,Obstacle,-50.00000000,5,999
364,Finish + Obstacle,79.00000000,0,84
365,Finish,79.00000000,0,86
365,Obstacle,-50.00000000,5,999
365,Finish + Obstacle,79.00000000,0,82
366,Finish,79.00000000,1,85
366,Obstacle,0.00000000,0,999
366,Finish + Obstacle,59.00000000,2,87
367,Finish,79.00000000,1,96
367,Obstacle,-10.00000000,1,999
367,Finish + Obstacle,59.00000000,2,83
368,Finish,79.00000000,0,92
368,Obstacle,0.00000000,0,999
368,Finish + Obstacle,59.00000000,2,93
369,Finish,79.00000000,1,87
369,Obstacle,-20.00000000,2,999
369,Finish + Obstacle,69.00000000,1,84
370,Finish,79.00000000,1,85
370,Obstacle,-30.00000000,3,999
370,Finish + Obstacle,29.00000000,5,88
371,Finish,79.00000000,0,86
371,Obstacle,-20.00000000,2,999
371,Finish + Obstacle,69.00000000,1,84
372,Finish,79.00000000,0,83
372,Obstacle,0.00000000,0,999
372,Finish + Obstacle,79.00000000,0,84
373,Finish,79.00000000,2,88
373,Obstacle,-110.00000000,11,999
373,Finish + Obstacle,79.00000000,0,86
374,Finish,79.00000000,1,93
374,Obstacle,0.00000000,0,999
374,Finish + Obstacle,59.00000000,2,92
375,Finish,79.00000000,1,86
375,Obstacle,-10.00000000,1,999
375,Finish + Obstacle,59.00000000,2,87
376,Finish,79.00000000,0,92
376,Obstacle,-30.00000000,3,999
376,Finish + Obstacle,79.00000000,0,86
377,Finish,79.00000000,2,88
377,Obstacle,0.00000000,0,999
377,Finish + Obstacle,69.00000000,1,82
378,Finish,79.00000000,1,86
378,Obstacle,0.00000000,0,999
378,Finish + Obstacle,69.00000000,1,90
379,Finish,79.00000000,1,90
379,Obstacle,-20.00000000,2,999
379,Finish + Obstacle,69.00000000,1,82
380,Finish,79.00000000,0,84
380,Obstacle,-10.00000000,1,999
380,Finish + Obstacle,29.00000000,5,90
381,Finish,79.00000000,3,86
381,Obstacle,-20.00000000,2,999
381,Finish + Obstacle,79.00000000,0,89
382,Finish,79.00000000,3,92
382,Obstacle,0.00000000,0,999
382,Finish + Obstacle,79.00000000,0,88
383,Finish,79.00000000,2,83
383,Obstacle,0.00000000,0,999
383,Finish + Obstacle,69.00000000,1,91
384,Finish,79.00000000,3,89
384,Obstacle,-20.00000000,2,999
384,Finish + Obstacle,69.00000000,1,88
385,Finish,79.00000000,0,85
385,Obstacle,0.00000000,0,999
385,Finish + Obstacle,69.00000000,1,87
386,Finish,79.00000000,4,87
386,Obstacle,0.00000000,0,999
386,Finish + Obstacle,79.00000000,0,83
387,Finish,79.00000000,0,88
387,Obstacle,0.00000000,0,999
387,Finish + Obstacle,59.00000000,2,88
388,Finish,79.00000000,2,80
388,Obstacle,0.00000000,0,999
388,Finish + Obstacle,69.00000000,1,91
389,Finish,79.00000000,0,90
389,Obstacle,-10.00000000,1,999
389,Finish + Obstacle,59.00000000,2,87
390,Finish,79.00000000,1,88
390,Obstacle,-40.00000000,4,999
390,Finish + Obstacle,59.00000000,2,87
391,Finish,79.00000000,0,84
391,Obstacle,-40.00000000,4,999
391,Finish + Obstacle,69.00000000,1,91
392,Finish,79.00000000,0,85
392,Obstacle,0.00000000,0,999
392,Finish + Obstacle,69.00000000,1,93
393,Finish,79.00000000,0,89
393,Obstacle,-10.00000000,1,999
393,Finish + Obstacle,69.00000000,1,87
394,Finish,79.00000000,1,89
394,Obstacle,-10.00000000,1,999
394,Finish + Obstacle,79.00000000,0,89
395,Finish,79.00000000,2,89
395,Obstacle,-20.00000000,2,999
395,Finish + Obstacle,59.00000000,2,88
396,Finish,79.00000000,2,85
396,Obstacle,-10.00000000,1,999
396,Finish + Obstacle,49.00000000,3,91
397,Finish,79.00000000,3,79
397,Obstacle,0.00000000,0,999
397,Finish + Obstacle,69.00000000,1,90
398,Finish,79.00000000,0,84
398,Obstacle,-20.00000000,2,999
398,Finish + Obstacle,49.00000000,3,86
399,Finish,79.00000000,1,91
399,Obstacle,-40.00000000,4,999
399,Finish + Obstacle,59.00000000,2,89
400,Finish,79.00000000,2,85
400,Obstacle,0.00000000,0,999
400,Finish + Obstacle,69.00000000,1,87
401,Finish,79.00000000,2,88
401,Obstacle,-80.00000000,8,999
401,Finish + Obstacle,79.00000000,0,87
402,Finish,79.00000000,1,90
402,Obstacle,-30.00000000,3,999
402,Finish + Obstacle,59.00000000,2,91
403,Finish,79.00000000,0,89
403,Obstacle,-10.00000000,1,999
403,Finish + Obstacle,79.00000000,0,86
404,Finish,79.00000000,0,95
404,Obstacle,-10.00000000,1,999
404,Finish + Obstacle,59.00000000,2,83
405,Finish,79.00000000,1,87
405,Obstacle,-40.00000000,4,999
405,Finish + Obstacle,79.00000000,0,91
406,Finish,79.00000000,1,85
406,Obstacle,0.00000000,0,999
406,Finish + Obstacle,39.00000000,4,85
407,Finish,79.00000000,3,99
407,Obstacle,0.00000000,0,999
407,Finish + Obstacle,79.00000000,0,87
408,Finish,79.00000000,2,104
408,Obstacle,0.00000000,0,999
408,Finish + Obstacle,49.00000000,3,91
409,Finish,79.00000000,0,89
409,Obstacle,-30.00000000,3,999
409,Finish + Obstacle,79.00000000,0,83
410,Finish,79.00000000,2,91
410,Obstacle,0.00000000,0,999
410,Finish + Obstacle,69.00000000,1,87
411,Finish,79.00000000,0,91
411,Obstacle,-10.00000000,1,999
411,Finish + Obstacle,69.00000000,1,92
412,Finish,79.00000000,1,88
412,Obstacle,0.00000000,0,999
412,Finish + Obstacle,59.00000000,2,84
413,Finish,79.00000000,1,93
413,Obstacle,0.00000000,0,999
413,Finish + Obstacle,59.00000000,2,84
414,Finish,79.00000000,3,84
414,Obstacle,0.00000000,0,999
414,Finish + Obstacle,49.00000000,3,86
415,Finish,79.00000000,1,83
415,Obstacle,0.00000000,0,999
415,Finish + Obstacle,69.00000000,1,87
416,Finish,79.00000000,1,85
416,Obstacle,-20.00000000,2,999
416,Finish + Obstacle,79.00000000,0,91
417,Finish,79.00000000,2,87
417,Obstacle,-90.00000000,9,999
417,Finish + Obstacle,59.00000000,2,81
418,Finish,79.00000000,1,86
418,Obstacle,-40.00000000,4,999
418,Finish + Obstacle,79.00000000,0,87
419,Finish,79.00000000,3,90
419,Obstacle,0.00000000,0,999
419,Finish + Obstacle,69.00000000,1,84
420,Finish,79.00000000,3,86
420,Obstacle,0.00000000,0,999
420,Finish + Obstacle,69.00000000,1,98
421,Finish,79.00000000,0,84
421,Obstacle,0.00000000,0,999
421,Finish + Obstacle,69.00000000,1,86
422,Finish,79.00000000,1,91
422,Obstacle,-30.00000000,3,999
422,Finish + Obstacle,59.00000000,2,88
423,Finish,79.00000000,5,95
423,Obstacle,0.00000000,0,999
423,Finish + Obstacle,69.00000000,1,91
424,Finish,79.00000000,2,89
424,Obstacle,-30.00000000,3,999
424,Finish + Obstacle,49.00000000,3,88
425,Finish,79.00000000,1,93
425,Obstacle,-30.00000000,3,999
425,Finish + Obstacle,49.00000000,3,87
426,Finish,79.00000000,1,85
426,Obstacle,0.00000000,0,999
426,Finish + Obstacle,69.00000000,1,83
427,Finish,79.00000000,2,87
427,Obstacle,-120.00000000,12,999
427,Finish + Obstacle,79.00000000,0,87
428,Finish,79.00000000,1,89
428,Obstacle,-70.00000000,7,999
428,Finish + Obstacle,49.00000000,3,93
429,Finish,79.00000000,3,90
429,Obstacle,-80.00000000,8,999
429,Finish + Obstacle,69.00000000,1,93
430,Finish,79.00000000,2,91
430,Obstacle,0.00000000,0,999
430,Finish + Obstacle,79.00000000,0,81
431,Finish,79.00000000,1,81
431,Obstacle,0.00000000,0,999
431,Finish + Obstacle,69.00000000,1,86
432,Finish,79.00000000,1,85
432,Obstacle,0.00000000,0,999
432,Finish + Obstacle,79.00000000,0,98
433,Finish,79.00000000,1,87
433,Obstacle,-10.00000000,1,999
433,Finish + Obstacle,39.00000000,4,92
434,Finish,79.00000000,4,83
434,Obstacle,-60.00000000,6,999
434,Finish + Obstacle,69.00000000,1,88
435,Finish,79.00000000,0,83
435,Obstacle,-120.00000000,12,999
435,Finish + Obstacle,59.00000000,2,85
436,Finish,79.00000000,2,86
436,Obstacle,0.00000000,0,999
436,Finish + Obstacle,59.00000000,2,98
437,Finish,79.00000000,2,93
437,Obstacle,-40.00000000,4,999
437,Finish + Obstacle,69.00000000,1,87
438,Finish,79.00000000,1,84
438,Obstacle,-10.00000000,1,999
438,Finish + Obstacle,79.00000000,0,82
439,Finish,79.00000000,1,94
439,Obstacle,-10.00000000,1,999
439,Finish + Obstacle,69.00000000,1,88
440,Finish,79.00000000,1,88
440,Obstacle,0.00000000,0,999
440,Finish + Obstacle,69.00000000,1,84
441,Finish,79.00000000,2,91
441,Obstacle,0.00000000,0,999
441,Finish + Obstacle,79.00000000,0,86
442,Finish,79.00000000,1,84
442,Obstacle,0.00000000,0,999
442,Finish + Obstacle,59.00000000,2,93
443,Finish,79.00000000,0,90
443,Obstacle,0.00000000,0,999
443,Finish + Obstacle,79.00000000,0,85
444,Finish,79.00000000,0,90
444,Obstacle,0.00000000,0,999
444,Finish + Obstacle,59.00000000,2,85
445,Finish,79.00000000,1,90
445,Obstacle,-10.00000000,1,999
445,Finish + Obstacle,49.00000000,3,89
446,Finish,79.00000000,3,91
446,Obstacle,-10.00000000,1,999
446,Finish + Obstacle,79.00000000,0,89
447,Finish,79.00000000,3,86
447,Obstacle,-40.00000000,4,999
447,Finish + Obstacle,69.00000000,1,88
448,Finish,79.00000000,1,87
448,Obstacle,-10.00000000,1,999
448,Finish + Obstacle,59.00000000,2,88
449,Finish,79.00000000,0,92
449,Obstacle,0.00000000,0,999
449,Finish + Obstacle,79.00000000,0,88
450,Finish,79.00000000,1,89
450,Obstacle,-100.00000000,10,999
450,Finish + Obstacle,69.00000000,1,92
451,Finish,79.00000000,2,84
451,Obstacle,-20.00000000,2,999
451,Finish + Obstacle,79.00000000,0,94
452,Finish,79.00000000,1,86
452,Obstacle,-40.00000000,4,999
452,Finish + Obstacle,69.00000000,1,86
453,Finish,79.00000000,1,89
453,Obstacle,0.00000000,0,999
453,Finish + Obstacle,69.00000000,1,86
454,Finish,79.00000000,1,83
454,Obstacle,0.00000000,0,999
454,Finish + Obstacle,69.00000000,1,84
455,Finish,79.00000000,2,88
455,Obstacle,-60.00000000,6,999
455,Finish + Obstacle,79.00000000,0,88
456,Finish,79.00000000,1,84
456,Obstacle,-110.00000000,11,999
456,Finish + Obstacle,59.00000000,2,90
457,Finish,79.00000000,1,98
457,Obstacle,-90.00000000,9,999
457,Finish + Obstacle,39.00000000,4,91
458,Finish,79.00000000,0,92
458,Obstacle,0.00000000,0,999
458,Finish + Obstacle,59.00000000,2,87
459,Finish,79.00000000,1,87
459,Obstacle,0.00000000,0,999
459,Finish + Obstacle,69.00000000,1,87
460,Finish,79.00000000,0,84
460,Obstacle,-80.00000000,8,999
460,Finish + Obstacle,69.00000000,1,86
461,Finish,79.00000000,3,95
461,Obstacle,0.00000000,0,999
461,Finish + Obstacle,59.00000000,2,84
462,Finish,79.00000000,0,84
462,Obstacle,-40.00000000,4,999
462,Finish + Obstacle,69.00000000,1,84
463,Finish,79.00000000,0,93
463,Obstacle,-20.00000000,2,999
463,Finish + Obstacle,49.00000000,3,92
464,Finish,79.00000000,1,96
464,Obstacle,0.00000000,0,999
464,Finish + Obstacle,69.00000000,1,88
465,Finish,79.00000000,1,90
465,Obstacle,-40.00000000,4,999
465,Finish + Obstacle,69.00000000,1,90
466,Finish,79.00000000,1,90
466,Obstacle,-10.00000000,1,999
466,Finish + Obstacle,59.00000000,2,97
467,Finish,79.00000000,1,90
467,Obstacle,0.00000000,0,999
467,Finish + Obstacle,79.00000000,0,89
468,Finish,79.00000000,1,87
468,Obstacle,-60.00000000,6,999
468,Finish + Obstacle,59.00000000,2,85
469,Finish,79.00000000,1,88
469,Obstacle,-10.00000000,1,999
469,Finish + Obstacle,69.00000000,1,85
470,Finish,79.00000000,0,93
470,Obstacle,-20.00000000,2,999
470,Finish + Obstacle,49.00000000,3,88
471,Finish,79.00000000,0,93
471,Obstacle,-10.00000000,1,999
471,Finish + Obstacle,39.00000000,4,88
472,Finish,79.00000000,1,91
472,Obstacle,0.00000000,0,999
472,Finish + Obstacle,69.00000000,1,89
473,Finish,79.00000000,1,82
473,Obstacle,-30.00000000,3,999
473,Finish + Obstacle,69.00000000,1,91
474,Finish,79.00000000,1,87
474,Obstacle,0.00000000,0,999
474,Finish + Obstacle,59.00000000,2,92
475,Finish,79.00000000,1,92
475,Obstacle,0.00000000,0,999
475,Finish + Obstacle,59.00000000,2,84
476,Finish,79.00000000,1,87
476,Obstacle,0.00000000,0,999
476,Finish + Obstacle,59.00000000,2,90
477,Finish,79.00000000,0,87
477,Obstacle,0.00000000,0,999
477,Finish + Obstacle,79.00000000,0,86
478,Finish,79.00000000,2,87
478,Obstacle,0.00000000,0,999
478,Finish + Obstacle,49.00000000,3,83
479,Finish,79.00000000,1,87
479,Obstacle,-10.00000000,1,999
479,Finish + Obstacle,59.00000000,2,94
480,Finish,79.00000000,1,91
480,Obstacle,0.00000000,0,999
480,Finish + Obstacle,59.00000000,2,91
481,Finish,79.00000000,1,88
481,Obstacle,0.00000000,0,999
481,Finish + Obstacle,79.00000000,0,90
482,Finish,79.00000000,0,93
482,Obstacle,0.00000000,0,999
482,Finish + Obstacle,59.00000000,2,89
483,Finish,79.00000000,2,93
483,Obstacle,0.00000000,0,999
483,Finish + Obstacle,49.00000000,3,84
484,Finish,79.00000000,2,85
484,Obstacle,0.00000000,0,999
484,Finish + Obstacle,49.00000000,3,97
485,Finish,79.00000000,3,82
485,Obstacle,0.00000000,0,999
485,Finish + Obstacle,39.00000000,4,87
486,Finish,79.00000000,1,86
486,Obstacle,0.00000000,0,999
486,Finish + Obstacle,59.00000000,2,89
487,Finish,79.00000000,0,84
487,Obstacle,0.00000000,0,999
487,Finish + Obstacle,69.00000000,1,92
488,Finish,79.00000000,1,86
488,Obstacle,0.00000000,0,999
488,Finish + Obstacle,69.00000000,1,84
489,Finish,79.00000000,2,81
489,Obstacle,0.00000000,0,999
489,Finish + Obstacle,69.00000000,1,84
490,Finish,79.00000000,5,89
490,Obstacle,0.00000000,0,999
490,Finish + Obstacle,69.00000000,1,80
491,Finish,79.00000000,4,89
491,Obstacle,-10.00000000,1,999
491,Finish + Obstacle,69.00000000,1,81
492,Finish,79.00000000,0,90
492,Obstacle,-10.00000000,1,999
492,Finish + Obstacle,69.00000000,1,88
493,Finish,79.00000000,1,87
493,Obstacle,-10.00000000,1,999
493,Finish + Obstacle,69.00000000,1,86
494,Finish,79.00000000,1,93
494,Obstacle,0.00000000,0,999
494,Finish + Obstacle,79.00000000,0,83
495,Finish,79.00000000,0,88
495,Obstacle,0.00000000,0,999
495,Finish + Obstacle,49.00000000,3,84
496,Finish,79.00000000,1,91
496,Obstacle,-30.00000000,3,999
496,Finish + Obstacle,49.00000000,3,88
497,Finish,79.00000000,2,87
497,Obstacle,-30.00000000,3,999
497,Finish + Obstacle,49.00000000,3,83
498,Finish,79.00000000,4,87
498,Obstacle,-10.00000000,1,999
498,Finish + Obstacle,79.00000000,0,88
499,Finish,79.00000000,2,84
499,Obstacle,-10.00000000,1,999
499,Finish + Obstacle,69.00000000,1,90
500,Finish,79.00000000,3,81
500,Obstacle,0.00000000,0,999
500,Finish + Obstacle,69.00000000,1,86
501,Finish,79.00000000,0,92
501,Obstacle,0.00000000,0,999
501,Finish + Obstacle,69.00000000,1,93
502,Finish,79.00000000,1,84
502,Obstacle,-20.00000000,2,999
502,Finish + Obstacle,69.00000000,1,88
503,Finish,79.00000000,0,91
503,Obstacle,-40.00000000,4,999
503,Finish + Obstacle,79.00000000,0,88
504,Finish,79.00000000,5,93
504,Obstacle,-20.00000000,2,999
504,Finish + Obstacle,59.00000000,2,83
505,Finish,79.00000000,2,86
505,Obstacle,-10.00000000,1,999
505,Finish + Obstacle,39.00000000,4,91
506,Finish,79.00000000,4,94
506,Obstacle,-10.00000000,1,999
506,Finish + Obstacle,79.00000000,0,86
507,Finish,79.00000000,1,87
507,Obstacle,-10.00000000,1,999
507,Finish + Obstacle,79.00000000,0,84
508,Finish,79.00000000,2,81
508,Obstacle,0.00000000,0,999
508,Finish + Obstacle,79.00000000,0,87
509,Finish,79.00000000,0,88
509,Obstacle,-50.00000000,5,999
509,Finish + Obstacle,69.00000000,1,93
510,Finish,79.00000000,2,91
510,Obstacle,-10.00000000,1,999
510,Finish + Obstacle,79.00000000,0,80
511,Finish,79.00000000,1,91
511,Obstacle,-20.00000000,2,999
511,Finish + Obstacle,59.00000000,2,87
512,Finish,79.00000000,2,93
512,Obstacle,0.00000000,0,999
512,Finish + Obstacle,69.00000000,1,92
513,Finish,79.00000000,2,86
513,Obstacle,0.00000000,0,999
513,Finish + Obstacle,59.00000000,2,85
514,Finish,79.00000000,1,91
514,Obstacle,-40.00000000,4,999
514,Finish + Obstacle,59.00000000,2,93
515,Finish,79.00000000,2,91
515,Obstacle,-70.00000000,7,999
515,Finish + Obstacle,59.00000000,2,84
516,Finish,79.00000000,2,97
516,Obstacle,0.00000000,0,999
516,Finish + Obstacle,79.00000000,0,85
517,Finish,79.00000000,1,89
517,Obstacle,0.00000000,0,999
517,Finish + Obstacle,59.00000000,2,87
518,Finish,79.00000000,1,92
518,Obstacle,0.00000000,0,999
518,Finish + Obstacle,79.00000000,0,86
519,Finish,79.00000000,0,95
519,Obstacle,-40.00000000,4,999
519,Finish + Obstacle,59.00000000,2,89
520,Finish,79.00000000,2,94
520,Obstacle,0.00000000,0,999
520,Finish + Obstacle,69.00000000,1,86
521,Finish,79.00000000,1,89
521,Obstacle,-50.00000000,5,999
521,Finish + Obstacle,69.00000000,1,81
522,Finish,79.00000000,1,84
522,Obstacle,-30.00000000,3,999
522,Finish + Obstacle,39.00000000,4,86
523,Finish,79.00000000,1,94
523,Obstacle,-140.00000000,14,999
523,Finish + Obstacle,69.00000000,1,89
524,Finish,79.00000000,2,88
524,Obstacle,-40.00000000,4,999
524,Finish + Obstacle,69.00000000,1,82
525,Finish,79.00000000,1,87
525,Obstacle,0.00000000,0,999
525,Finish + Obstacle,79.00000000,0,87
526,Finish,79.00000000,0,88
526,Obstacle,-20.00000000,2,999
526,Finish + Obstacle,79.00000000,0,86
527,Finish,79.00000000,0,82
527,Obstacle,-100.00000000,10,999
527,Finish + Obstacle,79.00000000,0,86
528,Finish,79.00000000,1,89
528,Obstacle,-10.00000000,1,999
528,Finish + Obstacle,69.00000000,1,88
529,Finish,79.00000000,0,88
529,Obstacle,-30.00000000,3,999
529,Finish + Obstacle,79.00000000,0,84
530,Finish,79.00000000,1,92
530,Obstacle,-30.00000000,3,999
530,Finish + Obstacle,79.00000000,0,84
531,Finish,79.00000000,4,86
531,Obstacle,-10.00000000,1,999
531,Finish + Obstacle,69.00000000,1,86
532,Finish,79.00000000,1,91
532,Obstacle,-10.00000000,1,999
532,Finish + Obstacle,79.00000000,0,85
533,Finish,79.00000000,4,84
533,Obstacle,0.00000000,0,999
533,Finish + Obstacle,69.00000000,1,88
534,Finish,79.00000000,0,82
534,Obstacle,0.00000000,0,999
534,Finish + Obstacle,69.00000000,1,93
535,Finish,79.00000000,3,82
535,Obstacle,0.00000000,0,999
535,Finish + Obstacle,79.00000000,0,86
536,Finish,79.00000000,0,85
536,Obstacle,-40.00000000,4,999
536,Finish + Obstacle,79.00000000,0,90
537,Finish,79.00000000,1,92
537,Obstacle,-40.00000000,4,999
537,Finish + Obstacle,79.00000000,0,83
538,Finish,79.00000000,0,87
538,Obstacle,0.00000000,0,999
538,Finish + Obstacle,69.00000000,1,86
539,Finish,79.00000000,2,91
539,Obstacle,0.00000000,0,999
539,Finish + Obstacle,79.00000000,0,83
540,Finish,79.00000000,1,90
540,Obstacle,0.00000000,0,999
540,Finish + Obstacle,69.00000000,1,87
541,Finish,79.00000000,2,83
541,Obstacle,-120.00000000,12,999
541,Finish + Obstacle,79.00000000,0,89
542,Finish,79.00000000,2,92
542,Obstacle,0.00000000,0,999
542,Finish + Obstacle,69.00000000,1,90
543,Finish,79.00000000,1,89
543,Obstacle,-90.00000000,9,999
543,Finish + Obstacle,79.00000000,0,89
544,Finish,79.00000000,2,89
544,Obstacle,-30.00000000,3,999
544,Finish + Obstacle,69.00000000,1,92
545,Finish,79.00000000,1,89
545,Obstacle,-110.00000000,11,999
545,Finish + Obstacle,79.00000000,0,89
546,Finish,79.00000000,1,93
546,Obstacle,-50.00000000,5,999
546,Finish + Obstacle,59.00000000,2,89
547,Finish,79.00000000,1,87
547,Obstacle,-80.00000000,8,999
547,Finish + Obstacle,79.00000000,0,95
548,Finish,79.00000000,0,84
548,Obstacle,-110.00000000,11,999
548,Finish + Obstacle,79.00000000,0,95
549,Finish,79.00000000,0,89
549,Obstacle,-40.00000000,4,999
549,Finish + Obstacle,69.00000000,1,99
550,Finish,79.00000000,0,93
550,Obstacle,-60.00000000,6,999
550,Finish + Obstacle,79.00000000,0,85
551,Finish,79.00000000,5,88
551,Obstacle,-60.00000000,6,999
551,Finish + Obstacle,59.00000000,2,97
552,Finish,79.00000000,1,97
552,Obstacle,-20.00000000,2,999
552,Finish + Obstacle,39.00000000,4,86
553,Finish,79.00000000,2,86
553,Obstacle,-150.00000000,15,999
553,Finish + Obstacle,69.00000000,1,88
554,Finish,79.00000000,1,94
554,Obstacle,-50.00000000,5,999
554,Finish + Obstacle,59.00000000,2,89
555,Finish,79.00000000,1,93
555,Obstacle,0.00000000,0,999
555,Finish + Obstacle,59.00000000,2,92
556,Finish,79.00000000,3,90
556,Obstacle,-20.00000000,2,999
556,Finish + Obstacle,69.00000000,1,86
557,Finish,79.00000000,6,81
557,Obstacle,0.00000000,0,999
557,Finish + Obstacle,49.00000000,3,85
558,Finish,79.00000000,2,92
558,Obstacle,0.00000000,0,999
558,Finish + Obstacle,69.00000000,1,86
559,Finish,79.00000000,0,81
559,Obstacle,0.00000000,0,999
559,Finish + Obstacle,49.00000000,3,92
560,Finish,79.00000000,0,91
560,Obstacle,-30.00000000,3,999
560,Finish + Obstacle,69.00000000,1,85
561,Finish,79.00000000,1,89
561,Obstacle,0.00000000,0,999
561,Finish + Obstacle,79.00000000,0,87
562,Finish,79.00000000,0,86
562,Obstacle,0.00000000,0,999
562,Finish + Obstacle,69.00000000,1,84
563,Finish,79.00000000,1,88
563,Obstacle,-10.00000000,1,999
563,Finish + Obstacle,69.00000000,1,94
564,Finish,79.00000000,2,91
564,Obstacle,-40.00000000,4,999
564,Finish + Obstacle,69.00000000,1,88
565,Finish,79.00000000,0,85
565,Obstacle,0.00000000,0,999
565,Finish + Obstacle,69.00000000,1,91
566,Finish,79.00000000,2,83
566,Obstacle,-10.00000000,1,999
566,Finish + Obstacle,69.00000000,1,94
567,Finish,79.00000000,1,83
567,Obstacle,-50.00000000,5,999
567,Finish + Obstacle,79.00000000,0,92
568,Finish,79.00000000,1,83
568,Obstacle,-10.00000000,1,999
568,Finish + Obstacle,69.00000000,1,83
569,Finish,79.00000000,2,86
569,Obstacle,0.00000000,0,999
569,Finish + Obstacle,79.00000000,0,88
570,Finish,79.00000000,0,84
570,Obstacle,-30.00000000,3,999
570,Finish + Obstacle,49.00000000,3,86
571,Finish,79.00000000,4,83
571,Obstacle,-10.00000000,1,999
571,Finish + Obstacle,59.00000000,2,91
572,Finish,79.00000000,0,87
572,Obstacle,-30.00000000,3,999
572,Finish + Obstacle,59.00000000,2,91
573,Finish,79.00000000,2,84
573,Obstacle,-40.00000000,4,999
573,Finish + Obstacle,49.00000000,3,93
574,Finish,79.00000000,3,91
574,Obstacle,-20.00000000,2,999
574,Finish + Obstacle,59.00000000,2,91
575,Finish,79.00000000,1,86
575,Obstacle,-40.00000000,4,999
575,Finish + Obstacle,79.00000000,0,90
576,Finish,79.00000000,0,86
576,Obstacle,0.00000000,0,999
576,Finish + Obstacle,69.00000000,1,88
577,Finish,79.00000000,2,89
577,Obstacle,0.00000000,0,999
577,Finish + Obstacle,79.00000000,0,84
578,Finish,79.00000000,0,89
578,Obstacle,-10.00000000,1,999
578,Finish + Obstacle,69.00000000,1,83
579,Finish,79.00000000,0,95
579,Obstacle,-10.00000000,1,999
579,Finish + Obstacle,79.00000000,0,86
580,Finish,79.00000000,1,84
580,Obstacle,0.00000000,0,999
580,Finish + Obstacle,69.00000000,1,81
581,Finish,79.00000000,2,93
581,Obstacle,-30.00000000,3,999
581,Finish + Obstacle,49.00000000,3,91
582,Finish,79.00000000,2,83
582,Obstacle,-20.00000000,2,999
582,Finish + Obstacle,69.00000000,1,89
583,Finish,79.00000000,2,91
583,Obstacle,0.00000000,0,999
583,Finish + Obstacle,49.00000000,3,93
584,Finish,79.00000000,1,96
584,Obstacle,-10.00000000,1,999
584,Finish + Obstacle,69.00000000,1,84
585,Finish,79.00000000,0,89
585,Obstacle,0.00000000,0,999
585,Finish + Obstacle,69.00000000,1,88
586,Finish,79.00000000,0,93
586,Obstacle,0.00000000,0,999
586,Finish + Obstacle,69.00000000,1,90
587,Finish,79.00000000,0,84
587,Obstacle,-10.00000000,1,999
587,Finish + Obstacle,79.00000000,0,87
588,Finish,79.00000000,1,83
588,Obstacle,-20.00000000,2,999
588,Finish + Obstacle,79.00000000,0,82
589,Finish,79.00000000,1,87
589,Obstacle,-10.00000000,1,999
589,Finish + Obstacle,69.00000000,1,82
590,Finish,79.00000000,0,87
590,Obstacle,0.00000000,0,999
590,Finish + Obstacle,79.00000000,0,86
591,Finish,79.00000000,1,89
591,Obstacle,0.00000000,0,999
591,Finish + Obstacle,49.00000000,3,98
592,Finish,79.00000000,1,90
592,Obstacle,0.00000000,0,999
592,Finish + Obstacle,49.00000000,3,84
593,Finish,79.00000000,2,88
593,Obstacle,-20.00000000,2,999
593,Finish + Obstacle,59.00000000,2,91
594,Finish,79.00000000,1,96
594,Obstacle,-20.00000000,2,999
594,Finish + Obstacle,79.00000000,0,85
595,Finish,79.00000000,0,93
595,Obstacle,0.00000000,0,999
595,Finish + Obstacle,69.00000000,1,86
596,Finish,79.00000000,2,83
596,Obstacle,0.00000000,0,999
596,Finish + Obstacle,59.00000000,2,86
597,Finish,79.00000000,1,88
597,Obstacle,-10.00000000,1,999
597,Finish + Obstacle,69.00000000,1,82
598,Finish,79.00000000,1,89
598,Obstacle,0.00000000,0,999
598,Finish + Obstacle,69.00000000,1,90
599,Finish,79.00000000,1,85
599,Obstacle,-30.00000000,3,999
599,Finish + Obstacle,59.00000000,2,84
600,Finish,79.00000000,1,90
600,Obstacle,-10.00000000,1,999
600,Finish + Obstacle,69.00000000,1,86
601,Finish,79.00000000,0,92
601,Obstacle,0.00000000,0,999
601,Finish + Obstacle,59.00000000,2,89
602,Finish,79.00000000,3,90
602,Obstacle,-20.00000000,2,999
602,Finish + Obstacle,39.00000000,4,85
603,Finish,79.00000000,1,87
603,Obstacle,-20.00000000,2,999
603,Finish + Obstacle,69.00000000,1,84
604,Finish,79.00000000,0,92
604,Obstacle,0.00000000,0,999
604,Finish + Obstacle,49.00000000,3,85
605,Finish,79.00000000,1,83
605,Obstacle,-40.00000000,4,999
605,Finish + Obstacle,69.00000000,1,83
606,Finish,79.00000000,4,88
606,Obstacle,-20.00000000,2,999
606,Finish + Obstacle,59.00000000,2,81
607,Finish,79.00000000,3,82
607,Obstacle,0.00000000,0,999
607,Finish + Obstacle,79.00000000,0,82
608,Finish,79.00000000,0,88
608,Obstacle,0.00000000,0,999
608,Finish + Obstacle,59.00000000,2,87
609,Finish,79.00000000,1,93
609,Obstacle,0.00000000,0,999
609,Finish + Obstacle,69.00000000,1,85
610,Finish,79.00000000,7,92
610,Obstacle,-20.00000000,2,999
610,Finish + Obstacle,49.00000000,3,83
611,Finish,79.00000000,0,89
611,Obstacle,0.00000000,0,999
611,Finish + Obstacle,79.00000000,0,85
612,Finish,79.00000000,3,83
612,Obstacle,0.00000000,0,999
612,Finish + Obstacle,69.00000000,1,86
613,Finish,79.00000000,2,89
613,Obstacle,0.00000000,0,999
613,Finish + Obstacle,49.00000000,3,86
614,Finish,79.00000000,1,86
614,Obstacle,0.00000000,0,999
614,Finish + Obstacle,59.00000000,2,91
615,Finish,79.00000000,2,84
615,Obstacle,-10.00000000,1,999
615,Finish + Obstacle,59.00000000,2,88
616,Finish,79.00000000,3,91
616,Obstacle,0.00000000,0,999
616,Finish + Obstacle,59.00000000,2,83
617,Finish,79.00000000,0,87
617,Obstacle,0.00000000,0,999
617,Finish + Obstacle,59.00000000,2,87
618,Finish,79.00000000,1,82
618,Obstacle,0.00000000,0,999
618,Finish + Obstacle,69.00000000,1,88
619,Finish,79.00000000,2,87
619,Obstacle,0.00000000,0,999
619,Finish + Obstacle,59.00000000,2,88
620,Finish,79.00000000,1,91
620,Obstacle,-10.00000000,1,999
620,Finish + Obstacle,69.00000000,1,87
621,Finish,79.00000000,1,87
621,Obstacle,-10.00000000,1,999
621,Finish + Obstacle,49.00000000,3,92
622,Finish,79.00000000,0,86
622,Obstacle,0.00000000,0,999
622,Finish + Obstacle,59.00000000,2,89
623,Finish,79.00000000,2,88
623,Obstacle,0.00000000,0,999
623,Finish + Obstacle,79.00000000,0,90
624,Finish,79.00000000,0,90
624,Obstacle,0.00000000,0,999
624,Finish + Obstacle,69.00000000,1,86
625,Finish,79.00000000,2,93
625,Obstacle,-30.00000000,3,999
625,Finish + Obstacle,49.00000000,3,85
626,Finish,79.00000000,1,89
626,Obstacle,0.00000000,0,999
626,Finish + Obstacle,79.00000000,0,80
627,Finish,79.00000000,1,83
627,Obstacle,-30.00000000,3,999
627,Finish + Obstacle,79.00000000,0,87
628,Finish,79.00000000,2,89
628,Obstacle,0.00000000,0,999
628,Finish + Obstacle,69.00000000,1,91
629,Finish,79.00000000,1,84
629,Obstacle,-40.00000000,4,999
629,Finish + Obstacle,59.00000000,2,86
630,Finish,79.00000000,1,88
630,Obstacle,0.00000000,0,999
630,Finish + Obstacle,49.00000000,3,101
631,Finish,79.00000000,2,84
631,Obstacle,-10.00000000,1,999
631,Finish + Obstacle,69.00000000,1,85
632,Finish,79.00000000,2,82
632,Obstacle,-30.00000000,3,999
632,Finish + Obstacle,59.00000000,2,94
633,Finish,79.00000000,2,94
633,Obstacle,0.00000000,0,999
633,Finish + Obstacle,79.00000000,0,94
634,Finish,79.00000000,2,88
634,Obstacle,-10.00000000,1,999
634,Finish + Obstacle,69.00000000,1,85
635,Finish,79.00000000,2,87
635,Obstacle,0.00000000,0,999
635,Finish + Obstacle,69.00000000,1,81
636,Finish,79.00000000,2,98
636,Obstacle,0.00000000,0,999
636,Finish + Obstacle,49.00000000,3,91
637,Finish,79.00000000,2,88
637,Obstacle,0.00000000,0,999
637,Finish + Obstacle,79.00000000,0,85
638,Finish,79.00000000,3,89
638,Obstacle,-20.00000000,2,999
638,Finish + Obstacle,69.00000000,1,87
639,Finish,79.00000000,1,85
639,Obstacle,0.00000000,0,999
639,Finish + Obstacle,69.00000000,1,87
640,Finish,79.00000000,0,85
640,Obstacle,0.00000000,0,999
640,Finish + Obstacle,69.00000000,1,92
641,Finish,79.00000000,1,89
641,Obstacle,0.00000000,0,999
641,Finish + Obstacle,69.00000000,1,88
642,Finish,79.00000000,2,90
642,Obstacle,0.00000000,0,999
642,Finish + Obstacle,59.00000000,2,87
643,Finish,79.00000000,1,89
643,Obstacle,0.00000000,0,999
643,Finish + Obstacle,59.00000000,2,87
644,Finish,79.00000000,1,88
644,Obstacle,-20.00000000,2,999
644,Finish + Obstacle,59.00000000,2,82
645,Finish,79.00000000,1,82
645,Obstacle,0.00000000,0,999
645,Finish + Obstacle,79.00000000,0,89
646,Finish,79.00000000,0,84
646,Obstacle,0.00000000,0,999
646,Finish + Obstacle,79.00000000,0,83
647,Finish,79.00000000,2,91
647,Obstacle,-100.00000000,10,999
647,Finish + Obstacle,79.00000000,0,90
648,Finish,79.00000000,3,86
648,Obstacle,0.00000000,0,999
648,Finish + Obstacle,69.00000000,1,83
649,Finish,79.00000000,1,94
649,Obstacle,0.00000000,0,999
649,Finish + Obstacle,69.00000000,1,88
650,Finish,79.00000000,0,87
650,Obstacle,-30.00000000,3,999
650,Finish + Obstacle,79.00000000,0,83
651,Finish,79.00000000,3,86
651,Obstacle,0.00000000,0,999
651,Finish + Obstacle,59.00000000,2,85
652,Finish,79.00000000,1,85
652,Obstacle,0.00000000,0,999
652,Finish + Obstacle,29.00000000,5,87
653,Finish,79.00000000,1,89
653,Obstacle,0.00000000,0,999
653,Finish + Obstacle,69.00000000,1,88
654,Finish,79.00000000,2,97
654,Obstacle,0.00000000,0,999
654,Finish + Obstacle,79.00000000,0,89
655,Finish,79.00000000,1,83
655,Obstacle,-10.00000000,1,999
655,Finish + Obstacle,79.00000000,0,85
656,Finish,79.00000000,0,85
656,Obstacle,-20.00000000,2,999
656,Finish + Obstacle,69.00000000,1,84
657,Finish,79.00000000,2,83
657,Obstacle,0.00000000,0,999
657,Finish + Obstacle,69.00000000,1,84
658,Finish,79.00000000,1,80
658,Obstacle,0.00000000,0,999
658,Finish + Obstacle,79.00000000,0,87
659,Finish,79.00000000,1,89
659,Obstacle,0.00000000,0,999
659,Finish + Obstacle,79.00000000,0,89
660,Finish,79.00000000,1,93
660,Obstacle,0.00000000,0,999
660,Finish + Obstacle,79.00000000,0,88
661,Finish,79.00000000,0,91
661,Obstacle,-10.00000000,1,999
661,Finish + Obstacle,49.00000000,3,84
662,Finish,79.00000000,2,86
662,Obstacle,0.00000000,0,999
662,Finish + Obstacle,79.00000000,0,82
663,Finish,79.00000000,1,84
663,Obstacle,0.00000000,0,999
663,Finish + Obstacle,79.00000000,0,88
664,Finish,79.00000000,2,89
664,Obstacle,0.00000000,0,999
664,Finish + Obstacle,59.00000000,2,95
665,Finish,79.00000000,0,89
665,Obstacle,0.00000000,0,999
665,Finish + Obstacle,49.00000000,3,89
666,Finish,79.00000000,1,83
666,Obstacle,0.00000000,0,999
666,Finish + Obstacle,69.00000000,1,86
667,Finish,79.00000000,1,85
667,Obstacle,0.00000000,0,999
667,Finish + Obstacle,79.00000000,0,82
668,Finish,79.00000000,1,84
668,Obstacle,0.00000000,0,999
668,Finish + Obstacle,69.00000000,1,84
669,Finish,79.00000000,0,86
669,Obstacle,0.00000000,0,999
669,Finish + Obstacle,69.00000000,1,89
670,Finish,79.00000000,1,86
670,Obstacle,0.00000000,0,999
670,Finish + Obstacle,69.00000000,1,84
671,Finish,79.00000000,2,87
671,Obstacle,0.00000000,0,999
671,Finish + Obstacle,69.00000000,1,86
672,Finish,79.00000000,1,89
672,Obstacle,-10.00000000,1,999
672,Finish + Obstacle,49.00000000,3,94
673,Finish,79.00000000,2,85
673,Obstacle,0.00000000,0,999
673,Finish + Obstacle,79.00000000,0,82
674,Finish,79.00000000,1,84
674,Obstacle,0.00000000,0,999
674,Finish + Obstacle,69.00000000,1,86
675,Finish,79.00000000,2,91
675,Obstacle,0.00000000,0,999
675,Finish + Obstacle,59.00000000,2,90
676,Finish,79.00000000,0,93
676,Obstacle,0.00000000,0,999
676,Finish + Obstacle,79.00000000,0,83
677,Finish,79.00000000,3,88
677,Obstacle,0.00000000,0,999
677,Finish + Obstacle,79.00000000,0,94
678,Finish,79.00000000,1,97
678,Obstacle,0.00000000,0,999
678,Finish + Obstacle,79.00000000,0,89
679,Finish,79.00000000,2,85
679,Obstacle,0.00000000,0,999
679,Finish + Obstacle,79.00000000,0,86
680,Finish,79.00000000,0,86
680,Obstacle,0.00000000,0,999
680,Finish + Obstacle,69.00000000,1,87
681,Finish,79.00000000,1,94
681,Obstacle,-10.00000000,1,999
681,Finish + Obstacle,69.00000000,1,92
682,Finish,79.00000000,0,88
682,Obstacle,0.00000000,0,999
682,Finish + Obstacle,69.00000000,1,82
683,Finish,79.00000000,2,89
683,Obstacle,-30.00000000,3,999
683,Finish + Obstacle,79.00000000,0,89
684,Finish,79.00000000,1,81
684,Obstacle,0.00000000,0,999
684,Finish + Obstacle,69.00000000,1,86
685,Finish,79.00000000,2,89
685,Obstacle,-70.00000000,7,999
685,Finish + Obstacle,59.00000000,2,84
686,Finish,79.00000000,0,86
686,Obstacle,0.00000000,0,999
686,Finish + Obstacle,59.00000000,2,86
687,Finish,79.00000000,1,89
687,Obstacle,-10.00000000,1,999
687,Finish + Obstacle,59.00000000,2,92
688,Finish,79.00000000,1,81
688,Obstacle,-10.00000000,1,999
688,Finish + Obstacle,79.00000000,0,85
689,Finish,79.00000000,2,93
689,Obstacle,0.00000000,0,999
689,Finish + Obstacle,69.00000000,1,86
690,Finish,79.00000000,2,87
690,Obstacle,-20.00000000,2,999
690,Finish + Obstacle,69.00000000,1,98
691,Finish,79.00000000,1,84
691,Obstacle,0.00000000,0,999
691,Finish + Obstacle,59.00000000,2,83
692,Finish,79.00000000,1,90
692,Obstacle,-20.00000000,2,999
692,Finish + Obstacle,69.00000000,1,89
693,Finish,79.00000000,1,88
693,Obstacle,-10.00000000,1,999
693,Finish + Obstacle,19.00000000,6,84
694,Finish,79.00000000,1,92
694,Obstacle,0.00000000,0,999
694,Finish + Obstacle,69.00000000,1,85
695,Finish,79.00000000,2,85
695,Obstacle,-10.00000000,1,999
695,Finish + Obstacle,19.00000000,6,95
696,Finish,79.00000000,1,85
696,Obstacle,0.00000000,0,999
696,Finish + Obstacle,69.00000000,1,87
697,Finish,79.00000000,0,92
697,Obstacle,0.00000000,0,999
697,Finish + Obstacle,69.00000000,1,92
698,Finish,79.00000000,4,92
698,Obstacle,0.00000000,0,999
698,Finish + Obstacle,49.00000000,3,92
699,Finish,79.00000000,0,89
699,Obstacle,0.00000000,0,999
699,Finish + Obstacle,69.00000000,1,85
700,Finish,79.00000000,1,86
700,Obstacle,0.00000000,0,999
700,Finish + Obstacle,79.00000000,0,88
701,Finish,79.00000000,2,93
701,Obstacle,0.00000000,0,999
701,Finish + Obstacle,79.00000000,0,89
702,Finish,79.00000000,2,82
702,Obstacle,0.00000000,0,999
702,Finish + Obstacle,49.00000000,3,91
703,Finish,79.00000000,0,89
703,Obstacle,-20.00000000,2,999
703,Finish + Obstacle,49.00000000,3,83
704,Finish,79.00000000,3,96
704,Obstacle,0.00000000,0,999
704,Finish + Obstacle,69.00000000,1,87
705,Finish,79.00000000,0,86
705,Obstacle,0.00000000,0,999
705,Finish + Obstacle,49.00000000,3,94
706,Finish,79.00000000,2,85
706,Obstacle,0.00000000,0,999
706,Finish + Obstacle,59.00000000,2,85
707,Finish,79.00000000,2,86
707,Obstacle,0.00000000,0,999
707,Finish + Obstacle,69.00000000,1,87
708,Finish,79.00000000,0,87
708,Obstacle,-10.00000000,1,999
708,Finish + Obstacle,59.00000000,2,88
709,Finish,79.00000000,0,90
709,Obstacle,0.00000000,0,999
709,Finish + Obstacle,59.00000000,2,91
710,Finish,79.00000000,1,87
710,Obstacle,-20.00000000,2,999
710,Finish + Obstacle,59.00000000,2,87
711,Finish,79.00000000,1,82
711,Obstacle,0.00000000,0,999
711,Finish + Obstacle,79.00000000,0,88
712,Finish,79.00000000,2,92
712,Obstacle,0.00000000,0,999
712,Finish + Obstacle,59.00000000,2,86
713,Finish,79.00000000,1,84
713,Obstacle,0.00000000,0,999
713,Finish + Obstacle,69.00000000,1,85
714,Finish,79.00000000,1,88
714,Obstacle,0.00000000,0,999
714,Finish + Obstacle,69.00000000,1,82
715,Finish,79.00000000,2,89
715,Obstacle,0.00000000,0,999
715,Finish + Obstacle,49.00000000,3,83
716,Finish,79.00000000,1,83
716,Obstacle,0.00000000,0,999
716,Finish + Obstacle,69.00000000,1,90
717,Finish,79.00000000,1,87
717,Obstacle,0.00000000,0,999
717,Finish + Obstacle,69.00000000,1,88
718,Finish,79.00000000,1,83
718,Obstacle,-20.00000000,2,999
718,Finish + Obstacle,69.00000000,1,94
719,Finish,79.00000000,1,91
719,Obstacle,-30.00000000,3,999
719,Finish + Obstacle,69.00000000,1,80
720,Finish,79.00000000,2,87
720,Obstacle,0.00000000,0,999
720,Finish + Obstacle,79.00000000,0,86
721,Finish,79.00000000,1,86
721,Obstacle,-20.00000000,2,999
721,Finish + Obstacle,59.00000000,2,86
722,Finish,79.00000000,2,99
722,Obstacle,0.00000000,0,999
722,Finish + Obstacle,59.00000000,2,94
723,Finish,79.00000000,1,95
723,Obstacle,0.00000000,0,999
723,Finish + Obstacle,69.00000000,1,93
724,Finish,79.00000000,1,87
724,Obstacle,0.00000000,0,999
724,Finish + Obstacle,69.00000000,1,88
725,Finish,79.00000000,4,85
725,Obstacle,0.00000000,0,999
725,Finish + Obstacle,59.00000000,2,86
726,Finish,79.00000000,2,85
726,Obstacle,0.00000000,0,999
726,Finish + Obstacle,79.00000000,0,87
727,Finish,79.00000000,1,88
727,Obstacle,0.00000000,0,999
727,Finish + Obstacle,69.00000000,1,88
728,Finish,79.00000000,1,88
728,Obstacle,-10.00000000,1,999
728,Finish + Obstacle,49.00000000,3,92
729,Finish,79.00000000,0,85
729,Obstacle,0.00000000,0,999
729,Finish + Obstacle,29.00000000,5,89
730,Finish,79.00000000,2,89
730,Obstacle,0.00000000,0,999
730,Finish + Obstacle,49.00000000,3,88
731,Finish,79.00000000,3,88
731,Obstacle,0.00000000,0,999
731,Finish + Obstacle,59.00000000,2,95
732,Finish,79.00000000,3,85
732,Obstacle,-10.00000000,1,999
732,Finish + Obstacle,79.00000000,0,87
733,Finish,79.00000000,0,86
733,Obstacle,0.00000000,0,999
733,Finish + Obstacle,79.00000000,0,95
734,Finish,79.00000000,0,86
734,Obstacle,0.00000000,0,999
734,Finish + Obstacle,69.00000000,1,94
735,Finish,79.00000000,1,90
735,Obstacle,-10.00000000,1,999
735,Finish + Obstacle,69.00000000,1,92
736,Finish,79.00000000,3,84
736,Obstacle,-100.00000000,10,999
736,Finish + Obstacle,79.00000000,0,91
737,Finish,79.00000000,2,92
737,Obstacle,0.00000000,0,999
737,Finish + Obstacle,69.00000000,1,91
738,Finish,79.00000000,2,88
738,Obstacle,0.00000000,0,999
738,Finish + Obstacle,69.00000000,1,92
739,Finish,79.00000000,0,83
739,Obstacle,0.00000000,0,999
739,Finish + Obstacle,59.00000000,2,98
740,Finish,79.00000000,1,89
740,Obstacle,0.00000000,0,999
740,Finish + Obstacle,79.00000000,0,85
741,Finish,79.00000000,0,88
741,Obstacle,0.00000000,0,999
741,Finish + Obstacle,59.00000000,2,84
742,Finish,79.00000000,0,82
742,Obstacle,0.00000000,0,999
742,Finish + Obstacle,69.00000000,1,92
743,Finish,79.00000000,0,89
743,Obstacle,0.00000000,0,999
743,Finish + Obstacle,69.00000000,1,85
744,Finish,79.00000000,4,91
744,Obstacle,0.00000000,0,999
744,Finish + Obstacle,79.00000000,0,84
745,Finish,79.00000000,2,84
745,Obstacle,0.00000000,0,999
745,Finish + Obstacle,79.00000000,0,95
746,Finish,79.00000000,2,87
746,Obstacle,0.00000000,0,999
746,Finish + Obstacle,49.00000000,3,84
747,Finish,79.00000000,0,89
747,Obstacle,0.00000000,0,999
747,Finish + Obstacle,59.00000000,2,89
748,Finish,79.00000000,0,85
748,Obstacle,0.00000000,0,999
748,Finish + Obstacle,69.00000000,1,88
749,Finish,79.00000000,2,85
749,Obstacle,-40.00000000,4,999
749,Finish + Obstacle,69.00000000,1,95
750,Finish,79.00000000,1,89
750,Obstacle,0.00000000,0,999
750,Finish + Obstacle,79.00000000,0,86
751,Finish,79.00000000,1,86
751,Obstacle,0.00000000,0,999
751,Finish + Obstacle,59.00000000,2,86
752,Finish,79.00000000,2,80
752,Obstacle,-60.00000000,6,999
752,Finish + Obstacle,69.00000000,1,91
753,Finish,79.00000000,0,92
753,Obstacle,0.00000000,0,999
753,Finish + Obstacle,79.00000000,0,85
754,Finish,79.00000000,2,87
754,Obstacle,-20.00000000,2,999
754,Finish + Obstacle,69.00000000,1,88
755,Finish,79.00000000,1,88
755,Obstacle,-10.00000000,1,999
755,Finish + Obstacle,59.00000000,2,88
756,Finish,79.00000000,1,89
756,Obstacle,-30.00000000,3,999
756,Finish + Obstacle,69.00000000,1,90
757,Finish,79.00000000,1,81
757,Obstacle,0.00000000,0,999
757,Finish + Obstacle,59.00000000,2,85
758,Finish,79.00000000,4,91
758,Obstacle,0.00000000,0,999
758,Finish + Obstacle,79.00000000,0,89
759,Finish,79.00000000,2,91
759,Obstacle,0.00000000,0,999
759,Finish + Obstacle,69.00000000,1,82
760,Finish,79.00000000,4,85
760,Obstacle,0.00000000,0,999
760,Finish + Obstacle,59.00000000,2,90
761,Finish,79.00000000,2,88
761,Obstacle,0.00000000,0,999
761,Finish + Obstacle,69.00000000,1,85
762,Finish,79.00000000,3,89
762,Obstacle,0.00000000,0,999
762,Finish + Obstacle,79.00000000,0,91
763,Finish,79.00000000,0,86
763,Obstacle,0.00000000,0,999
763,Finish + Obstacle,79.00000000,0,91
764,Finish,79.00000000,0,87
764,Obstacle,-40.00000000,4,999
764,Finish + Obstacle,69.00000000,1,85
765,Finish,79.00000000,1,88
765,Obstacle,0.00000000,0,999
765,Finish + Obstacle,69.00000000,1,82
766,Finish,79.00000000,1,82
766,Obstacle,0.00000000,0,999
766,Finish + Obstacle,59.00000000,2,84
767,Finish,79.00000000,1,92
767,Obstacle,0.00000000,0,999
767,Finish + Obstacle,69.00000000,1,94
768,Finish,79.00000000,4,87
768,Obstacle,0.00000000,0,999
768,Finish + Obstacle,59.00000000,2,89
769,Finish,79.00000000,2,87
769,Obstacle,-10.00000000,1,999
769,Finish + Obstacle,59.00000000,2,100
770,Finish,79.00000000,2,86
770,Obstacle,0.00000000,0,999
770,Finish + Obstacle,69.00000000,1,87
771,Finish,79.00000000,3,87
771,Obstacle,0.00000000,0,999
771,Finish + Obstacle,79.00000000,0,85
772,Finish,79.00000000,2,86
772,Obstacle,-20.00000000,2,999
772,Finish + Obstacle,79.00000000,0,92
773,Finish,79.00000000,0,89
773,Obstacle,0.00000000,0,999
773,Finish + Obstacle,79.00000000,0,83
774,Finish,79.00000000,1,90
774,Obstacle,-150.00000000,15,999
774,Finish + Obstacle,79.00000000,0,93
775,Finish,79.00000000,0,93
775,Obstacle,0.00000000,0,999
775,Finish + Obstacle,59.00000000,2,91
776,Finish,79.00000000,0,85
776,Obstacle,0.00000000,0,999
776,Finish + Obstacle,59.00000000,2,86
777,Finish,79.00000000,0,86
777,Obstacle,0.00000000,0,999
777,Finish + Obstacle,39.00000000,4,89
778,Finish,79.00000000,1,84
778,Obstacle,0.00000000,0,999
778,Finish + Obstacle,79.00000000,0,86
779,Finish,79.00000000,0,87
779,Obstacle,-10.00000000,1,999
779,Finish + Obstacle,69.00000000,1,87
780,Finish,79.00000000,1,83
780,Obstacle,-170.00000000,17,999
780,Finish + Obstacle,69.00000000,1,85
781,Finish,79.00000000,4,83
781,Obstacle,0.00000000,0,999
781,Finish + Obstacle,59.00000000,2,97
782,Finish,79.00000000,1,85
782,Obstacle,0.00000000,0,999
782,Finish + Obstacle,69.00000000,1,85
783,Finish,79.00000000,0,94
783,Obstacle,-10.00000000,1,999
783,Finish + Obstacle,59.00000000,2,83
784,Finish,79.00000000,5,87
784,Obstacle,0.00000000,0,999
784,Finish + Obstacle,69.00000000,1,89
785,Finish,79.00000000,3,83
785,Obstacle,0.00000000,0,999
785,Finish + Obstacle,79.00000000,0,89
786,Finish,79.00000000,2,85
786,Obstacle,0.00000000,0,999
786,Finish + Obstacle,49.00000000,3,95
787,Finish,79.00000000,0,86
787,Obstacle,0.00000000,0,999
787,Finish + Obstacle,69.00000000,1,88
788,Finish,79.00000000,4,85
788,Obstacle,0.00000000,0,999
788,Finish + Obstacle,59.00000000,2,86
789,Finish,79.00000000,0,86
789,Obstacle,-20.00000000,2,999
789,Finish + Obstacle,59.00000000,2,92
790,Finish,79.00000000,1,90
790,Obstacle,0.00000000,0,999
790,Finish + Obstacle,59.00000000,2,88
791,Finish,79.00000000,5,91
791,Obstacle,-20.00000000,2,999
791,Finish + Obstacle,59.00000000,2,86
792,Finish,79.00000000,0,89
792,Obstacle,0.00000000,0,999
792,Finish + Obstacle,79.00000000,0,83
793,Finish,79.00000000,2,88
793,Obstacle,0.00000000,0,999
793,Finish + Obstacle,59.00000000,2,81
794,Finish,79.00000000,1,88
794,Obstacle,0.00000000,0,999
794,Finish + Obstacle,69.00000000,1,88
795,Finish,79.00000000,0,85
795,Obstacle,0.00000000,0,999
795,Finish + Obstacle,69.00000000,1,91
796,Finish,79.00000000,2,88
796,Obstacle,-20.00000000,2,999
796,Finish + Obstacle,79.00000000,0,88
797,Finish,79.00000000,1,85
797,Obstacle,0.00000000,0,999
797,Finish + Obstacle,79.00000000,0,84
798,Finish,79.00000000,2,93
798,Obstacle,-10.00000000,1,999
798,Finish + Obstacle,69.00000000,1,85
799,Finish,79.00000000,0,85
799,Obstacle,0.00000000,0,999
799,Finish + Obstacle,49.00000000,3,84
800,Finish,79.00000000,2,89
800,Obstacle,0.00000000,0,999
800,Finish + Obstacle,79.00000000,0,81
801,Finish,79.00000000,1,84
801,Obstacle,0.00000000,0,999
801,Finish + Obstacle,59.00000000,2,86
802,Finish,79.00000000,2,84
802,Obstacle,0.00000000,0,999
802,Finish + Obstacle,79.00000000,0,89
803,Finish,79.00000000,2,81
803,Obstacle,0.00000000,0,999
803,Finish + Obstacle,69.00000000,1,100
804,Finish,79.00000000,1,89
804,Obstacle,0.00000000,0,999
804,Finish + Obstacle,69.00000000,1,90
805,Finish,79.00000000,0,93
805,Obstacle,0.00000000,0,999
805,Finish + Obstacle,79.00000000,0,87
806,Finish,79.00000000,3,85
806,Obstacle,-10.00000000,1,999
806,Finish + Obstacle,59.00000000,2,89
807,Finish,79.00000000,1,83
807,Obstacle,-60.00000000,6,999
807,Finish + Obstacle,69.00000000,1,88
808,Finish,79.00000000,0,89
808,Obstacle,0.00000000,0,999
808,Finish + Obstacle,79.00000000,0,83
809,Finish,79.00000000,0,97
809,Obstacle,-30.00000000,3,999
809,Finish + Obstacle,69.00000000,1,82
810,Finish,79.00000000,1,87
810,Obstacle,-10.00000000,1,999
810,Finish + Obstacle,69.00000000,1,85
811,Finish,79.00000000,1,83
811,Obstacle,0.00000000,0,999
811,Finish + Obstacle,69.00000000,1,85
812,Finish,79.00000000,1,84
812,Obstacle,-10.00000000,1,999
812,Finish + Obstacle,79.00000000,0,83
813,Finish,79.00000000,0,83
813,Obstacle,0.00000000,0,999
813,Finish + Obstacle,19.00000000,6,91
814,Finish,79.00000000,1,83
814,Obstacle,0.00000000,0,999
814,Finish + Obstacle,69.00000000,1,91
815,Finish,79.00000000,1,85
815,Obstacle,-10.00000000,1,999
815,Finish + Obstacle,59.00000000,2,83
816,Finish,79.00000000,1,84
816,Obstacle,0.00000000,0,999
816,Finish + Obstacle,79.00000000,0,87
817,Finish,79.00000000,1,87
817,Obstacle,0.00000000,0,999
817,Finish + Obstacle,69.00000000,1,85
818,Finish,79.00000000,2,86
818,Obstacle,0.00000000,0,999
818,Finish + Obstacle,49.00000000,3,85
819,Finish,79.00000000,1,85
819,Obstacle,0.00000000,0,999
819,Finish + Obstacle,69.00000000,1,82
820,Finish,79.00000000,2,94
820,Obstacle,-70.00000000,7,999
820,Finish + Obstacle,69.00000000,1,80
821,Finish,79.00000000,1,88
821,Obstacle,0.00000000,0,999
821,Finish + Obstacle,49.00000000,3,86
822,Finish,79.00000000,1,91
822,Obstacle,-10.00000000,1,999
822,Finish + Obstacle,79.00000000,0,85
823,Finish,79.00000000,2,85
823,Obstacle,0.00000000,0,999
823,Finish + Obstacle,79.00000000,0,91
824,Finish,79.00000000,0,87
824,Obstacle,0.00000000,0,999
824,Finish + Obstacle,69.00000000,1,88
825,Finish,79.00000000,2,87
825,Obstacle,0.00000000,0,999
825,Finish + Obstacle,69.00000000,1,83
826,Finish,79.00000000,1,94
826,Obstacle,-20.00000000,2,999
826,Finish + Obstacle,69.00000000,1,91
827,Finish,79.00000000,1,90
827,Obstacle,0.00000000,0,999
827,Finish + Obstacle,69.00000000,1,85
828,Finish,79.00000000,2,82
828,Obstacle,-10.00000000,1,999
828,Finish + Obstacle,69.00000000,1,98
829,Finish,79.00000000,3,86
829,Obstacle,0.00000000,0,999
829,Finish + Obstacle,69.00000000,1,86
830,Finish,79.00000000,1,89
830,Obstacle,0.00000000,0,999
830,Finish + Obstacle,79.00000000,0,86
831,Finish,79.00000000,3,98
831,Obstacle,0.00000000,0,999
831,Finish + Obstacle,79.00000000,0,95
832,Finish,79.00000000,0,94
832,Obstacle,-30.00000000,3,999
832,Finish + Obstacle,79.00000000,0,83
833,Finish,79.00000000,3,87
833,Obstacle,0.00000000,0,999
833,Finish + Obstacle,59.00000000,2,88
834,Finish,79.00000000,0,87
834,Obstacle,-10.00000000,1,999
834,Finish + Obstacle,59.00000000,2,94
835,Finish,79.00000000,2,86
835,Obstacle,0.00000000,0,999
835,Finish + Obstacle,69.00000000,1,89
836,Finish,79.00000000,1,87
836,Obstacle,0.00000000,0,999
836,Finish + Obstacle,69.00000000,1,86
837,Finish,79.00000000,1,85
837,Obstacle,0.00000000,0,999
837,Finish + Obstacle,79.00000000,0,90
838,Finish,79.00000000,3,86
838,Obstacle,0.00000000,0,999
838,Finish + Obstacle,39.00000000,4,91
839,Finish,79.00000000,0,88
839,Obstacle,-10.00000000,1,999
839,Finish + Obstacle,79.00000000,0,95
840,Finish,79.00000000,1,85
840,Obstacle,0.00000000,0,999
840,Finish + Obstacle,59.00000000,2,84
841,Finish,79.00000000,3,91
841,Obstacle,-10.00000000,1,999
841,Finish + Obstacle,59.00000000,2,92
842,Finish,79.00000000,1,89
842,Obstacle,0.00000000,0,999
842,Finish + Obstacle,59.00000000,2,91
843,Finish,79.00000000,0,86
843,Obstacle,0.00000000,0,999
843,Finish + Obstacle,49.00000000,3,86
844,Finish,79.00000000,1,92
844,Obstacle,-10.00000000,1,999
844,Finish + Obstacle,59.00000000,2,95
845,Finish,79.00000000,2,85
845,Obstacle,0.00000000,0,999
845,Finish + Obstacle,59.00000000,2,81
846,Finish,79.00000000,1,88
846,Obstacle,0.00000000,0,999
846,Finish + Obstacle,69.00000000,1,93
847,Finish,79.00000000,0,88
847,Obstacle,-10.00000000,1,999
847,Finish + Obstacle,39.00000000,4,93
848,Finish,79.00000000,0,92
848,Obstacle,0.00000000,0,999
848,Finish + Obstacle,69.00000000,1,86
849,Finish,79.00000000,1,84
849,Obstacle,-10.00000000,1,999
849,Finish + Obstacle,79.00000000,0,84
850,Finish,79.00000000,2,93
850,Obstacle,0.00000000,0,999
850,Finish + Obstacle,69.00000000,1,87
851,Finish,79.00000000,1,92
851,Obstacle,0.00000000,0,999
851,Finish + Obstacle,59.00000000,2,88
852,Finish,79.00000000,1,86
852,Obstacle,-10.00000000,1,999
852,Finish + Obstacle,69.00000000,1,81
853,Finish,79.00000000,2,86
853,Obstacle,0.00000000,0,999
853,Finish + Obstacle,69.00000000,1,90
854,Finish,79.00000000,1,88
854,Obstacle,0.00000000,0,999
854,Finish + Obstacle,69.00000000,1,87
855,Finish,79.00000000,0,86
855,Obstacle,0.00000000,0,999
855,Finish + Obstacle,79.00000000,0,89
856,Finish,79.00000000,0,87
856,Obstacle,0.00000000,0,999
856,Finish + Obstacle,59.00000000,2,90
857,Finish,79.00000000,2,92
857,Obstacle,0.00000000,0,999
857,Finish + Obstacle,69.00000000,1,90
858,Finish,79.00000000,0,93
858,Obstacle,0.00000000,0,999
858,Finish + Obstacle,69.00000000,1,96
859,Finish,79.00000000,0,91
859,Obstacle,0.00000000,0,999
859,Finish + Obstacle,39.00000000,4,83
860,Finish,79.00000000,0,87
860,Obstacle,-60.00000000,6,999
860,Finish + Obstacle,69.00000000,1,92
861,Finish,79.00000000,1,84
861,Obstacle,0.00000000,0,999
861,Finish + Obstacle,69.00000000,1,83
862,Finish,79.00000000,2,91
862,Obstacle,0.00000000,0,999
862,Finish + Obstacle,69.00000000,1,84
863,Finish,79.00000000,1,95
863,Obstacle,0.00000000,0,999
863,Finish + Obstacle,39.00000000,4,93
864,Finish,79.00000000,3,84
864,Obstacle,0.00000000,0,999
864,Finish + Obstacle,69.00000000,1,90
865,Finish,79.00000000,0,92
865,Obstacle,0.00000000,0,999
865,Finish + Obstacle,59.00000000,2,86
866,Finish,79.00000000,1,87
866,Obstacle,-50.00000000,5,999
866,Finish + Obstacle,49.00000000,3,88
867,Finish,79.00000000,3,92
867,Obstacle,-30.00000000,3,999
867,Finish + Obstacle,49.00000000,3,86
868,Finish,79.00000000,2,90
868,Obstacle,0.00000000,0,999
868,Finish + Obstacle,59.00000000,2,84
869,Finish,79.00000000,3,89
869,Obstacle,-10.00000000,1,999
869,Finish + Obstacle,79.00000000,0,92
870,Finish,79.00000000,0,85
870,Obstacle,-10.00000000,1,999
870,Finish + Obstacle,49.00000000,3,89
871,Finish,79.00000000,1,81
871,Obstacle,-50.00000000,5,999
871,Finish + Obstacle,69.00000000,1,88
872,Finish,79.00000000,0,84
872,Obstacle,-30.00000000,3,999
872,Finish + Obstacle,79.00000000,0,93
873,Finish,79.00000000,2,85
873,Obstacle,-60.00000000,6,999
873,Finish + Obstacle,69.00000000,1,88
874,Finish,79.00000000,1,84
874,Obstacle,-30.00000000,3,999
874,Finish + Obstacle,69.00000000,1,89
875,Finish,79.00000000,0,80
875,Obstacle,-10.00000000,1,999
875,Finish + Obstacle,59.00000000,2,86
876,Finish,79.00000000,0,90
876,Obstacle,-20.00000000,2,999
876,Finish + Obstacle,59.00000000,2,91
877,Finish,79.00000000,4,81
877,Obstacle,0.00000000,0,999
877,Finish + Obstacle,59.00000000,2,91
878,Finish,79.00000000,2,86
878,Obstacle,0.00000000,0,999
878,Finish + Obstacle,59.00000000,2,91
879,Finish,79.00000000,2,90
879,Obstacle,0.00000000,0,999
879,Finish + Obstacle,49.00000000,3,86
880,Finish,79.00000000,0,86
880,Obstacle,-20.00000000,2,999
880,Finish + Obstacle,49.00000000,3,87
881,Finish,79.00000000,1,90
881,Obstacle,0.00000000,0,999
881,Finish + Obstacle,59.00000000,2,85
882,Finish,79.00000000,1,84
882,Obstacle,0.00000000,0,999
882,Finish + Obstacle,59.00000000,2,90
883,Finish,79.00000000,1,93
883,Obstacle,-10.00000000,1,999
883,Finish + Obstacle,79.00000000,0,90
884,Finish,79.00000000,2,82
884,Obstacle,0.00000000,0,999
884,Finish + Obstacle,79.00000000,0,87
885,Finish,79.00000000,0,88
885,Obstacle,0.00000000,0,999
885,Finish + Obstacle,59.00000000,2,87
886,Finish,79.00000000,1,92
886,Obstacle,0.00000000,0,999
886,Finish + Obstacle,59.00000000,2,94
887,Finish,79.00000000,0,88
887,Obstacle,0.00000000,0,999
887,Finish + Obstacle,69.00000000,1,86
888,Finish,79.00000000,5,90
888,Obstacle,0.00000000,0,999
888,Finish + Obstacle,79.00000000,0,89
889,Finish,79.00000000,0,84
889,Obstacle,-20.00000000,2,999
889,Finish + Obstacle,69.00000000,1,88
890,Finish,79.00000000,2,94
890,Obstacle,0.00000000,0,999
890,Finish + Obstacle,69.00000000,1,85
891,Finish,79.00000000,0,87
891,Obstacle,0.00000000,0,999
891,Finish + Obstacle,59.00000000,2,92
892,Finish,79.00000000,2,85
892,Obstacle,0.00000000,0,999
892,Finish + Obstacle,69.00000000,1,79
893,Finish,79.00000000,0,80
893,Obstacle,0.00000000,0,999
893,Finish + Obstacle,39.00000000,4,91
894,Finish,79.00000000,1,94
894,Obstacle,0.00000000,0,999
894,Finish + Obstacle,69.00000000,1,85
895,Finish,79.00000000,1,85
895,Obstacle,0.00000000,0,999
895,Finish + Obstacle,59.00000000,2,86
896,Finish,79.00000000,2,86
896,Obstacle,-20.00000000,2,999
896,Finish + Obstacle,39.00000000,4,94
897,Finish,79.00000000,2,89
897,Obstacle,0.00000000,0,999
897,Finish + Obstacle,59.00000000,2,88
898,Finish,79.00000000,1,87
898,Obstacle,0.00000000,0,999
898,Finish + Obstacle,79.00000000,0,82
899,Finish,79.00000000,2,89
899,Obstacle,0.00000000,0,999
899,Finish + Obstacle,59.00000000,2,90
900,Finish,79.00000000,1,94
900,Obstacle,0.00000000,0,999
900,Finish + Obstacle,69.00000000,1,87
901,Finish,79.00000000,0,85
901,Obstacle,0.00000000,0,999
901,Finish + Obstacle,39.00000000,4,91
902,Finish,79.00000000,0,86
902,Obstacle,-90.00000000,9,999
902,Finish + Obstacle,79.00000000,0,90
903,Finish,79.00000000,2,83
903,Obstacle,-10.00000000,1,999
903,Finish + Obstacle,69.00000000,1,83
904,Finish,79.00000000,1,86
904,Obstacle,-20.00000000,2,999
904,Finish + Obstacle,79.00000000,0,85
905,Finish,79.00000000,0,86
905,Obstacle,0.00000000,0,999
905,Finish + Obstacle,69.00000000,1,82
906,Finish,79.00000000,2,88
906,Obstacle,0.00000000,0,999
906,Finish + Obstacle,69.00000000,1,91
907,Finish,79.00000000,1,81
907,Obstacle,0.00000000,0,999
907,Finish + Obstacle,59.00000000,2,92
908,Finish,79.00000000,3,85
908,Obstacle,0.00000000,0,999
908,Finish + Obstacle,69.00000000,1,88
909,Finish,79.00000000,3,88
909,Obstacle,0.00000000,0,999
909,Finish + Obstacle,69.00000000,1,86
910,Finish,79.00000000,3,93
910,Obstacle,0.00000000,0,999
910,Finish + Obstacle,79.00000000,0,84
911,Finish,79.00000000,3,88
911,Obstacle,0.00000000,0,999
911,Finish + Obstacle,69.00000000,1,89
912,Finish,79.00000000,1,83
912,Obstacle,-70.00000000,7,999
912,Finish + Obstacle,69.00000000,1,94
913,Finish,79.00000000,2,91
913,Obstacle,0.00000000,0,999
913,Finish + Obstacle,79.00000000,0,92
914,Finish,79.00000000,0,88
914,Obstacle,-40.00000000,4,999
914,Finish + Obstacle,49.00000000,3,84
915,Finish,79.00000000,1,98
915,Obstacle,-40.00000000,4,999
915,Finish + Obstacle,79.00000000,0,83
916,Finish,79.00000000,1,88
916,Obstacle,0.00000000,0,999
916,Finish + Obstacle,69.00000000,1,87
917,Finish,79.00000000,1,82
917,Obstacle,-20.00000000,2,999
917,Finish + Obstacle,69.00000000,1,85
918,Finish,79.00000000,1,84
918,Obstacle,0.00000000,0,999
918,Finish + Obstacle,69.00000000,1,83
919,Finish,79.00000000,0,88
919,Obstacle,-20.00000000,2,999
919,Finish + Obstacle,49.00000000,3,86
920,Finish,79.00000000,2,96
920,Obstacle,0.00000000,0,999
920,Finish + Obstacle,59.00000000,2,85
921,Finish,79.00000000,2,89
921,Obstacle,0.00000000,0,999
921,Finish + Obstacle,59.00000000,2,90
922,Finish,79.00000000,2,91
922,Obstacle,-10.00000000,1,999
922,Finish + Obstacle,59.00000000,2,87
923,Finish,79.00000000,0,87
923,Obstacle,0.00000000,0,999
923,Finish + Obstacle,79.00000000,0,86
924,Finish,79.00000000,0,86
924,Obstacle,-30.00000000,3,999
924,Finish + Obstacle,69.00000000,1,87
925,Finish,79.00000000,1,85
925,Obstacle,0.00000000,0,999
925,Finish + Obstacle,69.00000000,1,88
926,Finish,79.00000000,4,86
926,Obstacle,-20.00000000,2,999
926,Finish + Obstacle,79.00000000,0,85
927,Finish,79.00000000,1,80
927,Obstacle,0.00000000,0,999
927,Finish + Obstacle,79.00000000,0,84
928,Finish,79.00000000,1,95
928,Obstacle,-50.00000000,5,999
928,Finish + Obstacle,59.00000000,2,88
929,Finish,79.00000000,1,86
929,Obstacle,-10.00000000,1,999
929,Finish + Obstacle,79.00000000,0,91
930,Finish,79.00000000,0,82
930,Obstacle,-30.00000000,3,999
930,Finish + Obstacle,69.00000000,1,90
931,Finish,79.00000000,2,84
931,Obstacle,-40.00000000,4,999
931,Finish + Obstacle,69.00000000,1,85
932,Finish,79.00000000,2,86
932,Obstacle,-30.00000000,3,999
932,Finish + Obstacle,59.00000000,2,88
933,Finish,79.00000000,0,86
933,Obstacle,-60.00000000,6,999
933,Finish + Obstacle,59.00000000,2,89
934,Finish,79.00000000,0,84
934,Obstacle,-10.00000000,1,999
934,Finish + Obstacle,49.00000000,3,87
935,Finish,79.00000000,0,86
935,Obstacle,-50.00000000,5,999
935,Finish + Obstacle,69.00000000,1,82
936,Finish,79.00000000,0,83
936,Obstacle,0.00000000,0,999
936,Finish + Obstacle,69.00000000,1,83
937,Finish,79.00000000,3,96
937,Obstacle,0.00000000,0,999
937,Finish + Obstacle,69.00000000,1,89
938,Finish,79.00000000,0,89
938,Obstacle,-50.00000000,5,999
938,Finish + Obstacle,79.00000000,0,89
939,Finish,79.00000000,2,87
939,Obstacle,-20.00000000,2,999
939,Finish + Obstacle,79.00000000,0,82
940,Finish,79.00000000,3,91
940,Obstacle,-10.00000000,1,999
940,Finish + Obstacle,69.00000000,1,91
941,Finish,79.00000000,3,88
941,Obstacle,-30.00000000,3,999
941,Finish + Obstacle,59.00000000,2,92
942,Finish,79.00000000,0,83
942,Obstacle,0.00000000,0,999
942,Finish + Obstacle,69.00000000,1,93
943,Finish,79.00000000,1,94
943,Obstacle,0.00000000,0,999
943,Finish + Obstacle,79.00000000,0,88
944,Finish,79.00000000,0,95
944,Obstacle,0.00000000,0,999
944,Finish + Obstacle,79.00000000,0,89
945,Finish,79.00000000,1,94
945,Obstacle,0.00000000,0,999
945,Finish + Obstacle,69.00000000,1,90
946,Finish,79.00000000,2,97
946,Obstacle,-10.00000000,1,999
946,Finish + Obstacle,69.00000000,1,94
947,Finish,79.00000000,0,91
947,Obstacle,0.00000000,0,999
947,Finish + Obstacle,59.00000000,2,90
948,Finish,79.00000000,0,93
948,Obstacle,-30.00000000,3,999
948,Finish + Obstacle,69.00000000,1,87
949,Finish,79.00000000,0,88
949,Obstacle,0.00000000,0,999
949,Finish + Obstacle,79.00000000,0,92
950,Finish,79.00000000,1,87
950,Obstacle,-100.00000000,10,999
950,Finish + Obstacle,69.00000000,1,88
951,Finish,79.00000000,0,90
951,Obstacle,0.00000000,0,999
951,Finish + Obstacle,69.00000000,1,84
952,Finish,79.00000000,3,86
952,Obstacle,-60.00000000,6,999
952,Finish + Obstacle,69.00000000,1,91
953,Finish,79.00000000,2,90
953,Obstacle,0.00000000,0,999
953,Finish + Obstacle,69.00000000,1,95
954,Finish,79.00000000,2,90
954,Obstacle,-10.00000000,1,999
954,Finish + Obstacle,69.00000000,1,84
955,Finish,79.00000000,1,96
955,Obstacle,-10.00000000,1,999
955,Finish + Obstacle,69.00000000,1,85
956,Finish,79.00000000,4,98
956,Obstacle,-40.00000000,4,999
956,Finish + Obstacle,69.00000000,1,94
957,Finish,79.00000000,1,87
957,Obstacle,-20.00000000,2,999
957,Finish + Obstacle,59.00000000,2,84
958,Finish,79.00000000,3,93
958,Obstacle,0.00000000,0,999
958,Finish + Obstacle,69.00000000,1,85
959,Finish,79.00000000,1,87
959,Obstacle,0.00000000,0,999
959,Finish + Obstacle,59.00000000,2,92
960,Finish,79.00000000,1,94
960,Obstacle,0.00000000,0,999
960,Finish + Obstacle,59.00000000,2,93
961,Finish,79.00000000,2,88
961,Obstacle,0.00000000,0,999
961,Finish + Obstacle,79.00000000,0,94
962,Finish,79.00000000,2,88
962,Obstacle,0.00000000,0,999
962,Finish + Obstacle,59.00000000,2,88
963,Finish,79.00000000,2,80
963,Obstacle,-40.00000000,4,999
963,Finish + Obstacle,69.00000000,1,81
964,Finish,79.00000000,0,94
964,Obstacle,0.00000000,0,999
964,Finish + Obstacle,79.00000000,0,82
965,Finish,79.00000000,3,87
965,Obstacle,-10.00000000,1,999
965,Finish + Obstacle,59.00000000,2,87
966,Finish,79.00000000,0,87
966,Obstacle,0.00000000,0,999
966,Finish + Obstacle,69.00000000,1,93
967,Finish,79.00000000,0,87
967,Obstacle,0.00000000,0,999
967,Finish + Obstacle,79.00000000,0,82
968,Finish,79.00000000,2,85
968,Obstacle,-40.00000000,4,999
968,Finish + Obstacle,79.00000000,0,87
969,Finish,79.00000000,0,88
969,Obstacle,0.00000000,0,999
969,Finish + Obstacle,69.00000000,1,85
970,Finish,79.00000000,2,86
970,Obstacle,-20.00000000,2,999
970,Finish + Obstacle,39.00000000,4,87
971,Finish,79.00000000,2,92
971,Obstacle,0.00000000,0,999
971,Finish + Obstacle,69.00000000,1,90
972,Finish,79.00000000,0,90
972,Obstacle,-10.00000000,1,999
972,Finish + Obstacle,79.00000000,0,91
973,Finish,79.00000000,0,79
973,Obstacle,0.00000000,0,999
973,Finish + Obstacle,79.00000000,0,94
974,Finish,79.00000000,3,86
974,Obstacle,0.00000000,0,999
974,Finish + Obstacle,69.00000000,1,92
975,Finish,79.00000000,1,86
975,Obstacle,0.00000000,0,999
975,Finish + Obstacle,59.00000000,2,83
976,Finish,79.00000000,0,84
976,Obstacle,0.00000000,0,999
976,Finish + Obstacle,69.00000000,1,86
977,Finish,79.00000000,0,82
977,Obstacle,0.00000000,0,999
977,Finish + Obstacle,69.00000000,1,83
978,Finish,79.00000000,8,92
978,Obstacle,-10.00000000,1,999
978,Finish + Obstacle,79.00000000,0,94
979,Finish,79.00000000,1,83
979,Obstacle,-30.00000000,3,999
979,Finish + Obstacle,79.00000000,0,87
980,Finish,79.00000000,2,94
980,Obstacle,0.00000000,0,999
980,Finish + Obstacle,49.00000000,3,88
981,Finish,79.00000000,1,88
981,Obstacle,0.00000000,0,999
981,Finish + Obstacle,69.00000000,1,89
982,Finish,79.00000000,2,84
982,Obstacle,0.00000000,0,999
982,Finish + Obstacle,59.00000000,2,89
983,Finish,79.00000000,2,89
983,Obstacle,0.00000000,0,999
983,Finish + Obstacle,69.00000000,1,81
984,Finish,79.00000000,1,87
984,Obstacle,0.00000000,0,999
984,Finish + Obstacle,79.00000000,0,85
985,Finish,79.00000000,0,87
985,Obstacle,0.00000000,0,999
985,Finish + Obstacle,69.00000000,1,86
986,Finish,79.00000000,2,88
986,Obstacle,-10.00000000,1,999
986,Finish + Obstacle,59.00000000,2,83
987,Finish,79.00000000,1,84
987,Obstacle,0.00000000,0,999
987,Finish + Obstacle,59.00000000,2,85
988,Finish,79.00000000,2,85
988,Obstacle,0.00000000,0,999
988,Finish + Obstacle,59.00000000,2,84
989,Finish,79.00000000,2,87
989,Obstacle,0.00000000,0,999
989,Finish + Obstacle,79.00000000,0,90
990,Finish,79.00000000,1,83
990,Obstacle,0.00000000,0,999
990,Finish + Obstacle,29.00000000,5,85
991,Finish,79.00000000,3,91
991,Obstacle,0.00000000,0,999
991,Finish + Obstacle,39.00000000,4,88
992,Finish,79.00000000,3,89
992,Obstacle,0.00000000,0,999
992,Finish + Obstacle,29.00000000,5,87
993,Finish,79.00000000,1,90
993,Obstacle,0.00000000,0,999
993,Finish + Obstacle,59.00000000,2,89
994,Finish,79.00000000,3,88
994,Obstacle,-10.00000000,1,999
994,Finish + Obstacle,69.00000000,1,83
995,Finish,79.00000000,0,85
995,Obstacle,0.00000000,0,999
995,Finish + Obstacle,39.00000000,4,86
996,Finish,79.00000000,1,92
996,Obstacle,0.00000000,0,999
996,Finish + Obstacle,69.00000000,1,87
997,Finish,79.00000000,1,83
997,Obstacle,0.00000000,0,999
997,Finish + Obstacle,69.00000000,1,87
998,Finish,79.00000000,1,89
998,Obstacle,0.00000000,0,999
998,Finish + Obstacle,69.00000000,1,86
999,Finish,79.00000000,0,86
999,Obstacle,0.00000000,0,999
999,Finish + Obstacle,49.00000000,3,91
